state,lga,party,votes
Abia,Umuahia North,LP,27668
Abia,Umuahia North,APC,7225
Abia,Umuahia North,PDP,4843
Abia,Umuahia North,APGA,1816
Abia,Umuahia North,ADC,457
Abia,Aba South,LP,22014
Abia,Aba South,PDP,3348
Abia,Aba South,APGA,1762
Abia,Isiala Ngwa North,LP,7323
Abia,Isiala Ngwa North,APC,838
Abia,Isiala Ngwa North,PDP,21741
Abia,Isiala Ngwa North,APGA,225
Abia,Aba North,LP,20974
Abia,Aba North,PDP,4146
Abia,Aba North,APGA,1404
Abia,Aba North,YPP,2296
Abia,Umuahia South,LP,16187
Abia,Umuahia South,PDP,5464
Abia,Arochukwu,LP,12689
Abia,Arochukwu,APC,1082
Abia,Arochukwu,PDP,1280
Abia,Ohafia,LP,11848
Abia,Ohafia,APC,1354
Abia,Ohafia,PDP,4128
Abia,Ohafia,APGA,945
Abia,Osisioma,LP,7032
Abia,Osisioma,APC,504
Abia,Osisioma,PDP,4699
Abia,Osisioma,APGA,292
Abia,Osisioma,YPP,8839
Abia,Osisioma,ADC,332
Abia,Obingwa,LP,3776
Abia,Obingwa,APC,721
Abia,Obingwa,PDP,9962
Abia,Obingwa,APGA,1445
Abia,Bende,LP,9886
Abia,Bende,APC,2143
Abia,Bende,PDP,3410
Abia,Bende,APGA,847
Abia,Isiala Ngwa South,LP,7589
Abia,Isiala Ngwa South,APC,1580
Abia,Isiala Ngwa South,PDP,9093
Abia,Isiala Ngwa South,APGA,366
Abia,Isuikwuato,LP,8228
Abia,Isuikwuato,PDP,2204
Abia,Isuikwuato,APGA,3662
Abia,Ikwuano,LP,7054
Abia,Ikwuano,APC,1198
Abia,Ikwuano,PDP,2427
Abia,Umunneochi,LP,5940
Abia,Umunneochi,APC,2034
Abia,Umunneochi,PDP,3198
Abia,Umunneochi,APGA,581
Abia,Ukwa West,LP,2833
Abia,Ukwa West,APC,1209
Abia,Ukwa West,PDP,4622
Abia,Ukwa West,APGA,830
Abia,Ugwunagbo,LP,2153
Abia,Ugwunagbo,PDP,2538
Abia,Ugwunagbo,YPP,1805
Abia,Ukwa East,LP,2273
Abia,Ukwa East,APC,560
Abia,Ukwa East,PDP,232
Abia,Ukwa East,APGA,646
Adamawa,Demsa,AA,6
Adamawa,Demsa,ADC,255
Adamawa,Demsa,ADP,104
Adamawa,Demsa,APC,11798
Adamawa,Demsa,APGA,28
Adamawa,Demsa,APM,14
Adamawa,Demsa,APP,14
Adamawa,Demsa,LP,84
Adamawa,Demsa,NNPP,32
Adamawa,Demsa,NRM,77
Adamawa,Demsa,PDP,22958
Adamawa,Demsa,PRP,179
Adamawa,Demsa,SDP,146
Adamawa,Demsa,YPP,14
Adamawa,Demsa,ZLP,3
Adamawa,Fufore,AA,11
Adamawa,Fufore,ADC,100
Adamawa,Fufore,ADP,117
Adamawa,Fufore,APC,24777
Adamawa,Fufore,APGA,243
Adamawa,Fufore,APM,52
Adamawa,Fufore,APP,10
Adamawa,Fufore,LP,81
Adamawa,Fufore,NNPP,891
Adamawa,Fufore,NRM,64
Adamawa,Fufore,PDP,20409
Adamawa,Fufore,PRP,50
Adamawa,Fufore,SDP,217
Adamawa,Fufore,YPP,60
Adamawa,Fufore,ZLP,12
Adamawa,Ganye,AA,10
Adamawa,Ganye,ADC,80
Adamawa,Ganye,ADP,92
Adamawa,Ganye,APC,21605
Adamawa,Ganye,APGA,42
Adamawa,Ganye,APM,35
Adamawa,Ganye,APP,9
Adamawa,Ganye,LP,22
Adamawa,Ganye,NNPP,26
Adamawa,Ganye,NRM,59
Adamawa,Ganye,PDP,17883
Adamawa,Ganye,PRP,76
Adamawa,Ganye,SDP,69
Adamawa,Ganye,YPP,26
Adamawa,Ganye,ZLP,7
Adamawa,Girei,AA,8
Adamawa,Girei,ADC,48
Adamawa,Girei,ADP,82
Adamawa,Girei,APC,16140
Adamawa,Girei,APGA,26
Adamawa,Girei,APM,38
Adamawa,Girei,APP,7
Adamawa,Girei,LP,118
Adamawa,Girei,NNPP,933
Adamawa,Girei,NRM,44
Adamawa,Girei,PDP,17298
Adamawa,Girei,PRP,45
Adamawa,Girei,SDP,95
Adamawa,Girei,YPP,806
Adamawa,Girei,ZLP,27
Adamawa,Hong,AA,80
Adamawa,Hong,ADC,181
Adamawa,Hong,ADP,169
Adamawa,Hong,APC,18639
Adamawa,Hong,APGA,41
Adamawa,Hong,APM,29
Adamawa,Hong,APP,19
Adamawa,Hong,LP,295
Adamawa,Hong,NNPP,91
Adamawa,Hong,NRM,88
Adamawa,Hong,PDP,31443
Adamawa,Hong,PRP,29
Adamawa,Hong,SDP,247
Adamawa,Hong,YPP,44
Adamawa,Hong,ZLP,10
Adamawa,Madagali,AA,22
Adamawa,Madagali,ADC,282
Adamawa,Madagali,ADP,101
Adamawa,Madagali,APC,9650
Adamawa,Madagali,APGA,54
Adamawa,Madagali,APM,67
Adamawa,Madagali,APP,43
Adamawa,Madagali,LP,392
Adamawa,Madagali,NNPP,88
Adamawa,Madagali,NRM,116
Adamawa,Madagali,PDP,27351
Adamawa,Madagali,PRP,55
Adamawa,Madagali,SDP,209
Adamawa,Madagali,YPP,31
Adamawa,Madagali,ZLP,10
Adamawa,Maiha,AA,7
Adamawa,Maiha,ADC,27
Adamawa,Maiha,ADP,46
Adamawa,Maiha,APC,13242
Adamawa,Maiha,APGA,24
Adamawa,Maiha,APM,10
Adamawa,Maiha,APP,46
Adamawa,Maiha,LP,5
Adamawa,Maiha,NNPP,10
Adamawa,Maiha,NRM,33
Adamawa,Maiha,PDP,12792
Adamawa,Maiha,PRP,18
Adamawa,Maiha,SDP,14
Adamawa,Maiha,YPP,11
Adamawa,Maiha,ZLP,3
Adamawa,Mayo-Belwa,AA,8
Adamawa,Mayo-Belwa,ADC,98
Adamawa,Mayo-Belwa,ADP,60
Adamawa,Mayo-Belwa,APC,23576
Adamawa,Mayo-Belwa,APGA,22
Adamawa,Mayo-Belwa,APM,31
Adamawa,Mayo-Belwa,APP,14
Adamawa,Mayo-Belwa,LP,556
Adamawa,Mayo-Belwa,NNPP,230
Adamawa,Mayo-Belwa,NRM,37
Adamawa,Mayo-Belwa,PDP,20239
Adamawa,Mayo-Belwa,PRP,98
Adamawa,Mayo-Belwa,SDP,860
Adamawa,Mayo-Belwa,YPP,56
Adamawa,Mayo-Belwa,ZLP,29
Adamawa,Michika,AA,15
Adamawa,Michika,ADC,217
Adamawa,Michika,ADP,75
Adamawa,Michika,APC,15793
Adamawa,Michika,APGA,46
Adamawa,Michika,APM,40
Adamawa,Michika,APP,16
Adamawa,Michika,LP,59
Adamawa,Michika,NNPP,116
Adamawa,Michika,NRM,107
Adamawa,Michika,PDP,30262
Adamawa,Michika,PRP,54
Adamawa,Michika,SDP,28
Adamawa,Michika,YPP,35
Adamawa,Michika,ZLP,10
Adamawa,Mubi North,AA,232
Adamawa,Mubi North,ADC,113
Adamawa,Mubi North,ADP,129
Adamawa,Mubi North,APC,32342
Adamawa,Mubi North,APGA,36
Adamawa,Mubi North,APM,32
Adamawa,Mubi North,APP,11
Adamawa,Mubi North,LP,52
Adamawa,Mubi North,NNPP,158
Adamawa,Mubi North,NRM,50
Adamawa,Mubi North,PDP,17469
Adamawa,Mubi North,PRP,67
Adamawa,Mubi North,SDP,53
Adamawa,Mubi North,YPP,11
Adamawa,Mubi North,ZLP,6
Adamawa,Mubi South,AA,64
Adamawa,Mubi South,ADC,144
Adamawa,Mubi South,ADP,67
Adamawa,Mubi South,APC,18149
Adamawa,Mubi South,APGA,19
Adamawa,Mubi South,APM,14
Adamawa,Mubi South,APP,11
Adamawa,Mubi South,LP,47
Adamawa,Mubi South,NNPP,160
Adamawa,Mubi South,NRM,31
Adamawa,Mubi South,PDP,12686
Adamawa,Mubi South,PRP,19
Adamawa,Mubi South,SDP,340
Adamawa,Mubi South,YPP,14
Adamawa,Mubi South,ZLP,10
Adamawa,Numan,AA,8
Adamawa,Numan,ADC,138
Adamawa,Numan,ADP,91
Adamawa,Numan,APC,10626
Adamawa,Numan,APGA,19
Adamawa,Numan,APM,6
Adamawa,Numan,APP,6
Adamawa,Numan,LP,63
Adamawa,Numan,NNPP,28
Adamawa,Numan,NRM,45
Adamawa,Numan,PDP,17026
Adamawa,Numan,PRP,47
Adamawa,Numan,SDP,24
Adamawa,Numan,YPP,14
Adamawa,Numan,ZLP,3
Adamawa,Song,AA,5
Adamawa,Song,ADC,96
Adamawa,Song,ADP,126
Adamawa,Song,APC,19935
Adamawa,Song,APGA,47
Adamawa,Song,APM,67
Adamawa,Song,APP,21
Adamawa,Song,LP,438
Adamawa,Song,NNPP,1582
Adamawa,Song,NRM,86
Adamawa,Song,PDP,24744
Adamawa,Song,PRP,45
Adamawa,Song,SDP,350
Adamawa,Song,YPP,73
Adamawa,Song,ZLP,18
Adamawa,Toungo,AA,3
Adamawa,Toungo,ADC,49
Adamawa,Toungo,ADP,46
Adamawa,Toungo,APC,7161
Adamawa,Toungo,APGA,16
Adamawa,Toungo,APM,24
Adamawa,Toungo,APP,8
Adamawa,Toungo,LP,9
Adamawa,Toungo,NNPP,16
Adamawa,Toungo,NRM,38
Adamawa,Toungo,PDP,7884
Adamawa,Toungo,PRP,19
Adamawa,Toungo,SDP,103
Adamawa,Toungo,YPP,12
Adamawa,Toungo,ZLP,5
Adamawa,Yola North,AA,82
Adamawa,Yola North,ADC,332
Adamawa,Yola North,ADP,210
Adamawa,Yola North,APC,37886
Adamawa,Yola North,APGA,46
Adamawa,Yola North,APM,23
Adamawa,Yola North,APP,21
Adamawa,Yola North,LP,111
Adamawa,Yola North,NNPP,64
Adamawa,Yola North,NRM,61
Adamawa,Yola North,PDP,24877
Adamawa,Yola North,PRP,39
Adamawa,Yola North,SDP,1334
Adamawa,Yola North,YPP,57
Adamawa,Yola North,ZLP,12
Adamawa,Yola South,AA,15
Adamawa,Yola South,ADC,201
Adamawa,Yola South,ADP,228
Adamawa,Yola South,APC,32255
Adamawa,Yola South,APGA,48
Adamawa,Yola South,APM,27
Adamawa,Yola South,APP,20
Adamawa,Yola South,LP,54
Adamawa,Yola South,NNPP,119
Adamawa,Yola South,NRM,66
Adamawa,Yola South,PDP,21006
Adamawa,Yola South,PRP,56
Adamawa,Yola South,SDP,280
Adamawa,Yola South,YPP,32
Adamawa,Yola South,ZLP,5
Akwa Ibom,Uyo,A,50
Akwa Ibom,Uyo,AA,15
Akwa Ibom,Uyo,AAC,33
Akwa Ibom,Uyo,ADC,238
Akwa Ibom,Uyo,ADP,83
Akwa Ibom,Uyo,APC,8267
Akwa Ibom,Uyo,APGA,40
Akwa Ibom,Uyo,APM,52
Akwa Ibom,Uyo,APP,18
Akwa Ibom,Uyo,BP,28
Akwa Ibom,Uyo,LP,1447
Akwa Ibom,Uyo,NNPP,3229
Akwa Ibom,Uyo,NRM,82
Akwa Ibom,Uyo,PDP,25149
Akwa Ibom,Uyo,PRP,22
Akwa Ibom,Uyo,SDP,60
Akwa Ibom,Uyo,YPP,13810
Akwa Ibom,Uyo,ZLP,55
Akwa Ibom,Ibiono Ibom,A,3
Akwa Ibom,Ibiono Ibom,AA,8
Akwa Ibom,Ibiono Ibom,AAC,14
Akwa Ibom,Ibiono Ibom,ADC,3
Akwa Ibom,Ibiono Ibom,ADP,12
Akwa Ibom,Ibiono Ibom,APC,398
Akwa Ibom,Ibiono Ibom,APGA,3
Akwa Ibom,Ibiono Ibom,APM,6
Akwa Ibom,Ibiono Ibom,APP,12
Akwa Ibom,Ibiono Ibom,BP,1
Akwa Ibom,Ibiono Ibom,LP,29
Akwa Ibom,Ibiono Ibom,NNPP,454
Akwa Ibom,Ibiono Ibom,NRM,19
Akwa Ibom,Ibiono Ibom,PDP,7066
Akwa Ibom,Ibiono Ibom,PRP,33
Akwa Ibom,Ibiono Ibom,SDP,20
Akwa Ibom,Ibiono Ibom,YPP,21992
Akwa Ibom,Ibiono Ibom,ZLP,28
Akwa Ibom,Ika,A,0
Akwa Ibom,Ika,AA,0
Akwa Ibom,Ika,AAC,4
Akwa Ibom,Ika,ADC,9
Akwa Ibom,Ika,ADP,13
Akwa Ibom,Ika,APC,2908
Akwa Ibom,Ika,APGA,5
Akwa Ibom,Ika,APM,4
Akwa Ibom,Ika,APP,1
Akwa Ibom,Ika,BP,0
Akwa Ibom,Ika,LP,7
Akwa Ibom,Ika,NNPP,160
Akwa Ibom,Ika,NRM,8
Akwa Ibom,Ika,PDP,4361
Akwa Ibom,Ika,PRP,6
Akwa Ibom,Ika,SDP,4
Akwa Ibom,Ika,YPP,1301
Akwa Ibom,Ika,ZLP,16
Akwa Ibom,Mbo,A,6
Akwa Ibom,Mbo,AA,9
Akwa Ibom,Mbo,AAC,14
Akwa Ibom,Mbo,ADC,30
Akwa Ibom,Mbo,ADP,11
Akwa Ibom,Mbo,APC,4167
Akwa Ibom,Mbo,APGA,9
Akwa Ibom,Mbo,APM,8
Akwa Ibom,Mbo,APP,0
Akwa Ibom,Mbo,BP,1
Akwa Ibom,Mbo,LP,22
Akwa Ibom,Mbo,NNPP,60
Akwa Ibom,Mbo,NRM,15
Akwa Ibom,Mbo,PDP,6635
Akwa Ibom,Mbo,PRP,4
Akwa Ibom,Mbo,SDP,3
Akwa Ibom,Mbo,YPP,1128
Akwa Ibom,Mbo,ZLP,19
Akwa Ibom,Obot Akara,A,34
Akwa Ibom,Obot Akara,AA,11
Akwa Ibom,Obot Akara,AAC,6
Akwa Ibom,Obot Akara,ADC,13
Akwa Ibom,Obot Akara,ADP,12
Akwa Ibom,Obot Akara,APC,4022
Akwa Ibom,Obot Akara,APGA,7
Akwa Ibom,Obot Akara,APM,6
Akwa Ibom,Obot Akara,APP,3
Akwa Ibom,Obot Akara,BP,0
Akwa Ibom,Obot Akara,LP,72
Akwa Ibom,Obot Akara,NNPP,156
Akwa Ibom,Obot Akara,NRM,14
Akwa Ibom,Obot Akara,PDP,10884
Akwa Ibom,Obot Akara,PRP,2
Akwa Ibom,Obot Akara,SDP,9
Akwa Ibom,Obot Akara,YPP,2454
Akwa Ibom,Obot Akara,ZLP,14
Akwa Ibom,Abak,A,15
Akwa Ibom,Abak,AA,8
Akwa Ibom,Abak,AAC,20
Akwa Ibom,Abak,ADC,86
Akwa Ibom,Abak,ADP,33
Akwa Ibom,Abak,APC,11249
Akwa Ibom,Abak,APGA,16
Akwa Ibom,Abak,APM,18
Akwa Ibom,Abak,APP,11
Akwa Ibom,Abak,BP,4
Akwa Ibom,Abak,LP,436
Akwa Ibom,Abak,NNPP,342
Akwa Ibom,Abak,NRM,16
Akwa Ibom,Abak,PDP,12847
Akwa Ibom,Abak,PRP,10
Akwa Ibom,Abak,SDP,15
Akwa Ibom,Abak,YPP,4954
Akwa Ibom,Abak,ZLP,43
Akwa Ibom,Ibesikpo Asutan,A,30
Akwa Ibom,Ibesikpo Asutan,AA,5
Akwa Ibom,Ibesikpo Asutan,AAC,14
Akwa Ibom,Ibesikpo Asutan,ADC,56
Akwa Ibom,Ibesikpo Asutan,ADP,29
Akwa Ibom,Ibesikpo Asutan,APC,7737
Akwa Ibom,Ibesikpo Asutan,APGA,15
Akwa Ibom,Ibesikpo Asutan,APM,11
Akwa Ibom,Ibesikpo Asutan,APP,4
Akwa Ibom,Ibesikpo Asutan,BP,3
Akwa Ibom,Ibesikpo Asutan,LP,122
Akwa Ibom,Ibesikpo Asutan,NNPP,318
Akwa Ibom,Ibesikpo Asutan,NRM,40
Akwa Ibom,Ibesikpo Asutan,PDP,15334
Akwa Ibom,Ibesikpo Asutan,PRP,10
Akwa Ibom,Ibesikpo Asutan,SDP,4
Akwa Ibom,Ibesikpo Asutan,YPP,2569
Akwa Ibom,Ibesikpo Asutan,ZLP,16
Akwa Ibom,Oruk Anam,A,7
Akwa Ibom,Oruk Anam,AA,15
Akwa Ibom,Oruk Anam,AAC,17
Akwa Ibom,Oruk Anam,ADC,37
Akwa Ibom,Oruk Anam,ADP,24
Akwa Ibom,Oruk Anam,APC,6743
Akwa Ibom,Oruk Anam,APGA,14
Akwa Ibom,Oruk Anam,APM,14
Akwa Ibom,Oruk Anam,APP,4
Akwa Ibom,Oruk Anam,BP,3
Akwa Ibom,Oruk Anam,LP,82
Akwa Ibom,Oruk Anam,NNPP,397
Akwa Ibom,Oruk Anam,NRM,28
Akwa Ibom,Oruk Anam,PDP,16381
Akwa Ibom,Oruk Anam,PRP,10
Akwa Ibom,Oruk Anam,SDP,12
Akwa Ibom,Oruk Anam,YPP,3775
Akwa Ibom,Oruk Anam,ZLP,15
Akwa Ibom,Nsit Atai,A,30
Akwa Ibom,Nsit Atai,AA,2
Akwa Ibom,Nsit Atai,AAC,7
Akwa Ibom,Nsit Atai,ADC,15
Akwa Ibom,Nsit Atai,ADP,9
Akwa Ibom,Nsit Atai,APC,3418
Akwa Ibom,Nsit Atai,APGA,6
Akwa Ibom,Nsit Atai,APM,11
Akwa Ibom,Nsit Atai,APP,0
Akwa Ibom,Nsit Atai,BP,1
Akwa Ibom,Nsit Atai,LP,16
Akwa Ibom,Nsit Atai,NNPP,451
Akwa Ibom,Nsit Atai,NRM,14
Akwa Ibom,Nsit Atai,PDP,9938
Akwa Ibom,Nsit Atai,PRP,5
Akwa Ibom,Nsit Atai,SDP,4
Akwa Ibom,Nsit Atai,YPP,1818
Akwa Ibom,Nsit Atai,ZLP,5
Akwa Ibom,Etim Ekpo,A,10
Akwa Ibom,Etim Ekpo,AA,2
Akwa Ibom,Etim Ekpo,AAC,12
Akwa Ibom,Etim Ekpo,ADC,25
Akwa Ibom,Etim Ekpo,ADP,24
Akwa Ibom,Etim Ekpo,APC,4368
Akwa Ibom,Etim Ekpo,APGA,2
Akwa Ibom,Etim Ekpo,APM,6
Akwa Ibom,Etim Ekpo,APP,3
Akwa Ibom,Etim Ekpo,BP,2
Akwa Ibom,Etim Ekpo,LP,55
Akwa Ibom,Etim Ekpo,NNPP,269
Akwa Ibom,Etim Ekpo,NRM,19
Akwa Ibom,Etim Ekpo,PDP,7383
Akwa Ibom,Etim Ekpo,PRP,2
Akwa Ibom,Etim Ekpo,SDP,12
Akwa Ibom,Etim Ekpo,YPP,2429
Akwa Ibom,Etim Ekpo,ZLP,8
Akwa Ibom,Ukanafun,A,3
Akwa Ibom,Ukanafun,AA,1
Akwa Ibom,Ukanafun,AAC,8
Akwa Ibom,Ukanafun,ADC,27
Akwa Ibom,Ukanafun,ADP,20
Akwa Ibom,Ukanafun,APC,5036
Akwa Ibom,Ukanafun,APGA,6
Akwa Ibom,Ukanafun,APM,10
Akwa Ibom,Ukanafun,APP,1
Akwa Ibom,Ukanafun,BP,2
Akwa Ibom,Ukanafun,LP,33
Akwa Ibom,Ukanafun,NNPP,496
Akwa Ibom,Ukanafun,NRM,17
Akwa Ibom,Ukanafun,PDP,11348
Akwa Ibom,Ukanafun,PRP,7
Akwa Ibom,Ukanafun,SDP,11
Akwa Ibom,Ukanafun,YPP,2121
Akwa Ibom,Ukanafun,ZLP,9
Akwa Ibom,Oron,A,6
Akwa Ibom,Oron,AA,6
Akwa Ibom,Oron,AAC,5
Akwa Ibom,Oron,ADC,52
Akwa Ibom,Oron,ADP,19
Akwa Ibom,Oron,APC,3164
Akwa Ibom,Oron,APGA,4
Akwa Ibom,Oron,APM,4
Akwa Ibom,Oron,APP,2
Akwa Ibom,Oron,BP,4
Akwa Ibom,Oron,LP,76
Akwa Ibom,Oron,NNPP,150
Akwa Ibom,Oron,NRM,20
Akwa Ibom,Oron,PDP,6295
Akwa Ibom,Oron,PRP,5
Akwa Ibom,Oron,SDP,13
Akwa Ibom,Oron,YPP,2624
Akwa Ibom,Oron,ZLP,21
Akwa Ibom,Okobo,A,8
Akwa Ibom,Okobo,AA,13
Akwa Ibom,Okobo,AAC,17
Akwa Ibom,Okobo,ADC,31
Akwa Ibom,Okobo,ADP,0
Akwa Ibom,Okobo,APC,3599
Akwa Ibom,Okobo,APGA,21
Akwa Ibom,Okobo,APM,10
Akwa Ibom,Okobo,APP,3
Akwa Ibom,Okobo,BP,0
Akwa Ibom,Okobo,LP,185
Akwa Ibom,Okobo,NNPP,187
Akwa Ibom,Okobo,NRM,29
Akwa Ibom,Okobo,PDP,7260
Akwa Ibom,Okobo,PRP,8
Akwa Ibom,Okobo,SDP,18
Akwa Ibom,Okobo,YPP,3061
Akwa Ibom,Etinan,A,12
Akwa Ibom,Etinan,AA,12
Akwa Ibom,Etinan,AAC,19
Akwa Ibom,Etinan,ADC,50
Akwa Ibom,Etinan,ADP,31
Akwa Ibom,Etinan,APC,4100
Akwa Ibom,Etinan,APGA,10
Akwa Ibom,Etinan,APM,11
Akwa Ibom,Etinan,APP,3
Akwa Ibom,Etinan,BP,4
Akwa Ibom,Etinan,LP,74
Akwa Ibom,Etinan,NNPP,335
Akwa Ibom,Etinan,NRM,49
Akwa Ibom,Etinan,PDP,15439
Akwa Ibom,Etinan,PRP,12
Akwa Ibom,Etinan,SDP,17
Akwa Ibom,Etinan,YPP,3866
Akwa Ibom,Etinan,ZLP,24
Akwa Ibom,Nsit Ubium,A,70
Akwa Ibom,Nsit Ubium,AA,4
Akwa Ibom,Nsit Ubium,AAC,5
Akwa Ibom,Nsit Ubium,ADC,18
Akwa Ibom,Nsit Ubium,ADP,5
Akwa Ibom,Nsit Ubium,APC,1673
Akwa Ibom,Nsit Ubium,APGA,7
Akwa Ibom,Nsit Ubium,APM,13
Akwa Ibom,Nsit Ubium,APP,6
Akwa Ibom,Nsit Ubium,BP,6
Akwa Ibom,Nsit Ubium,LP,55
Akwa Ibom,Nsit Ubium,NNPP,349
Akwa Ibom,Nsit Ubium,NRM,37
Akwa Ibom,Nsit Ubium,PDP,19359
Akwa Ibom,Nsit Ubium,PRP,17
Akwa Ibom,Nsit Ubium,SDP,4
Akwa Ibom,Nsit Ubium,YPP,1053
Akwa Ibom,Nsit Ubium,ZLP,12
Akwa Ibom,Esit Eket,A,3
Akwa Ibom,Esit Eket,AA,2
Akwa Ibom,Esit Eket,AAC,1
Akwa Ibom,Esit Eket,ADC,18
Akwa Ibom,Esit Eket,ADP,15
Akwa Ibom,Esit Eket,APC,2488
Akwa Ibom,Esit Eket,APGA,7
Akwa Ibom,Esit Eket,APM,6
Akwa Ibom,Esit Eket,APP,2
Akwa Ibom,Esit Eket,BP,2
Akwa Ibom,Esit Eket,LP,12
Akwa Ibom,Esit Eket,NNPP,113
Akwa Ibom,Esit Eket,NRM,16
Akwa Ibom,Esit Eket,PDP,9549
Akwa Ibom,Esit Eket,PRP,10
Akwa Ibom,Esit Eket,SDP,1
Akwa Ibom,Esit Eket,YPP,1765
Akwa Ibom,Esit Eket,ZLP,18
Akwa Ibom,Uruan,A,16
Akwa Ibom,Uruan,AA,4
Akwa Ibom,Uruan,AAC,32
Akwa Ibom,Uruan,ADC,46
Akwa Ibom,Uruan,ADP,35
Akwa Ibom,Uruan,APC,5623
Akwa Ibom,Uruan,APGA,26
Akwa Ibom,Uruan,APM,31
Akwa Ibom,Uruan,APP,3
Akwa Ibom,Uruan,BP,7
Akwa Ibom,Uruan,LP,96
Akwa Ibom,Uruan,NNPP,963
Akwa Ibom,Uruan,NRM,55
Akwa Ibom,Uruan,PDP,12740
Akwa Ibom,Uruan,PRP,13
Akwa Ibom,Uruan,SDP,16
Akwa Ibom,Uruan,YPP,3760
Akwa Ibom,Uruan,ZLP,29
Akwa Ibom,Ibeno,A,3
Akwa Ibom,Ibeno,AA,5
Akwa Ibom,Ibeno,AAC,6
Akwa Ibom,Ibeno,ADC,31
Akwa Ibom,Ibeno,ADP,11
Akwa Ibom,Ibeno,APC,904
Akwa Ibom,Ibeno,APGA,6
Akwa Ibom,Ibeno,APM,1
Akwa Ibom,Ibeno,APP,5
Akwa Ibom,Ibeno,BP,2
Akwa Ibom,Ibeno,LP,53
Akwa Ibom,Ibeno,NNPP,62
Akwa Ibom,Ibeno,NRM,14
Akwa Ibom,Ibeno,PDP,5626
Akwa Ibom,Ibeno,PRP,5
Akwa Ibom,Ibeno,SDP,4
Akwa Ibom,Ibeno,YPP,1932
Akwa Ibom,Ibeno,ZLP,16
Akwa Ibom,Ini,A,7
Akwa Ibom,Ini,AA,0
Akwa Ibom,Ini,AAC,1
Akwa Ibom,Ini,ADC,1
Akwa Ibom,Ini,ADP,2
Akwa Ibom,Ini,APC,883
Akwa Ibom,Ini,APGA,5
Akwa Ibom,Ini,APM,4
Akwa Ibom,Ini,APP,0
Akwa Ibom,Ini,BP,2
Akwa Ibom,Ini,LP,36
Akwa Ibom,Ini,NNPP,137
Akwa Ibom,Ini,NRM,12
Akwa Ibom,Ini,PDP,10058
Akwa Ibom,Ini,PRP,1
Akwa Ibom,Ini,SDP,11
Akwa Ibom,Ini,YPP,6325
Akwa Ibom,Ini,ZLP,19
Akwa Ibom,Ikot Abasi,A,26
Akwa Ibom,Ikot Abasi,AA,6
Akwa Ibom,Ikot Abasi,AAC,19
Akwa Ibom,Ikot Abasi,ADC,396
Akwa Ibom,Ikot Abasi,ADP,27
Akwa Ibom,Ikot Abasi,APC,2360
Akwa Ibom,Ikot Abasi,APGA,14
Akwa Ibom,Ikot Abasi,APM,15
Akwa Ibom,Ikot Abasi,APP,8
Akwa Ibom,Ikot Abasi,BP,10
Akwa Ibom,Ikot Abasi,LP,129
Akwa Ibom,Ikot Abasi,NNPP,158
Akwa Ibom,Ikot Abasi,NRM,28
Akwa Ibom,Ikot Abasi,PDP,13559
Akwa Ibom,Ikot Abasi,PRP,11
Akwa Ibom,Ikot Abasi,SDP,15
Akwa Ibom,Ikot Abasi,YPP,1943
Akwa Ibom,Ikot Abasi,ZLP,26
Akwa Ibom,Eket,A,26
Akwa Ibom,Eket,AA,4
Akwa Ibom,Eket,AAC,16
Akwa Ibom,Eket,ADC,100
Akwa Ibom,Eket,ADP,29
Akwa Ibom,Eket,APC,4770
Akwa Ibom,Eket,APGA,12
Akwa Ibom,Eket,APM,21
Akwa Ibom,Eket,APP,4
Akwa Ibom,Eket,BP,7
Akwa Ibom,Eket,LP,425
Akwa Ibom,Eket,NNPP,410
Akwa Ibom,Eket,NRM,59
Akwa Ibom,Eket,PDP,20658
Akwa Ibom,Eket,PRP,12
Akwa Ibom,Eket,SDP,16
Akwa Ibom,Eket,YPP,4151
Akwa Ibom,Eket,ZLP,28
Bauchi,Alkaleri,APC,15798
Bauchi,Alkaleri,LP,127
Bauchi,Alkaleri,NNPP,2069
Bauchi,Alkaleri,PDP,34387
Bauchi,Bauchi,APC,69850
Bauchi,Bauchi,LP,465
Bauchi,Bauchi,NNPP,5749
Bauchi,Bauchi,PDP,80390
Bauchi,Bogoro,APC,10436
Bauchi,Bogoro,LP,174
Bauchi,Bogoro,NNPP,3253
Bauchi,Bogoro,PDP,16589
Bauchi,Damban,APC,11325
Bauchi,Damban,LP,79
Bauchi,Damban,NNPP,4395
Bauchi,Damban,PDP,13307
Bauchi,Darazo,APC,23544
Bauchi,Darazo,LP,45
Bauchi,Darazo,NNPP,3359
Bauchi,Darazo,PDP,19735
Bauchi,Dass,APC,11596
Bauchi,Dass,LP,32
Bauchi,Dass,NNPP,643
Bauchi,Dass,PDP,14471
Bauchi,Gamawa,APC,22565
Bauchi,Gamawa,LP,9
Bauchi,Gamawa,NNPP,1841
Bauchi,Gamawa,PDP,21558
Bauchi,Ganjuwa,APC,17606
Bauchi,Ganjuwa,LP,87
Bauchi,Ganjuwa,NNPP,7387
Bauchi,Ganjuwa,PDP,20924
Bauchi,Giade,APC,18023
Bauchi,Giade,LP,5
Bauchi,Giade,NNPP,1114
Bauchi,Giade,PDP,14145
Bauchi,Itas/Gadau,APC,16206
Bauchi,Itas/Gadau,LP,17
Bauchi,Itas/Gadau,NNPP,2913
Bauchi,Itas/Gadau,PDP,18778
Bauchi,Jama'are,APC,11865
Bauchi,Jama'are,LP,17
Bauchi,Jama'are,NNPP,3253
Bauchi,Jama'are,PDP,13693
Bauchi,Katagum,APC,35774
Bauchi,Katagum,LP,37
Bauchi,Katagum,NNPP,2376
Bauchi,Katagum,PDP,25218
Bauchi,Kirfi,APC,11631
Bauchi,Kirfi,LP,33
Bauchi,Kirfi,NNPP,3571
Bauchi,Kirfi,PDP,13454
Bauchi,Misau,APC,26448
Bauchi,Misau,LP,42
Bauchi,Misau,NNPP,1820
Bauchi,Misau,PDP,16351
Bauchi,Ningi,APC,23795
Bauchi,Ningi,LP,37
Bauchi,Ningi,NNPP,4178
Bauchi,Ningi,PDP,29515
Bauchi,Shira,APC,21644
Bauchi,Shira,LP,14
Bauchi,Shira,NNPP,2536
Bauchi,Shira,PDP,25373
Bauchi,Tafawa Balewa,APC,22928
Bauchi,Tafawa Balewa,LP,183
Bauchi,Tafawa Balewa,NNPP,3166
Bauchi,Tafawa Balewa,PDP,35100
Bauchi,Toro,APC,29848
Bauchi,Toro,LP,88
Bauchi,Toro,NNPP,3634
Bauchi,Toro,PDP,65456
Bauchi,Warji,APC,11783
Bauchi,Warji,LP,19
Bauchi,Warji,NNPP,1812
Bauchi,Warji,PDP,20416
Bauchi,Zaki,APC,19637
Bauchi,Zaki,LP,8
Bauchi,Zaki,NNPP,1415
Bauchi,Zaki,PDP,26420
Bayelsa,Brass,APC,18431
Bayelsa,Brass,PDP,12602
Bayelsa,Brass,OTHERS,178
Bayelsa,Ekeremor,APC,8445
Bayelsa,Ekeremor,PDP,23172
Bayelsa,Ekeremor,OTHERS,124
Bayelsa,Kolokuma/Opokuma,APC,5344
Bayelsa,Kolokuma/Opokuma,PDP,18465
Bayelsa,Kolokuma/Opokuma,OTHERS,109
Bayelsa,Nembe,APC,22248
Bayelsa,Nembe,PDP,4556
Bayelsa,Nembe,OTHERS,232
Bayelsa,Ogbia,APC,16319
Bayelsa,Ogbia,PDP,18435
Bayelsa,Ogbia,OTHERS,217
Bayelsa,Sagbama,APC,6608
Bayelsa,Sagbama,PDP,35504
Bayelsa,Sagbama,OTHERS,355
Bayelsa,Southern Ijaw,APC,18174
Bayelsa,Southern Ijaw,PDP,24685
Bayelsa,Southern Ijaw,OTHERS,299
Bayelsa,Yenagoa,APC,14534
Bayelsa,Yenagoa,PDP,37777
Bayelsa,Yenagoa,OTHERS,741
Benue,Ado,APC,8662
Benue,Ado,LP,308
Benue,Ado,PDP,4379
Benue,Agatu,APC,7482
Benue,Agatu,LP,216
Benue,Agatu,PDP,9934
Benue,Apa,APC,7925
Benue,Apa,LP,465
Benue,Apa,PDP,7806
Benue,Buruku,APC,34713
Benue,Buruku,LP,1155
Benue,Buruku,PDP,9513
Benue,Gboko,APC,53985
Benue,Gboko,LP,1493
Benue,Gboko,PDP,18773
Benue,Guma,APC,15371
Benue,Guma,LP,535
Benue,Guma,PDP,22083
Benue,Gwer East,APC,20083
Benue,Gwer East,LP,1272
Benue,Gwer East,PDP,12085
Benue,Gwer West,APC,10947
Benue,Gwer West,LP,1509
Benue,Gwer West,PDP,13609
Benue,Katsina-Ala,APC,34347
Benue,Katsina-Ala,LP,178
Benue,Katsina-Ala,PDP,6716
Benue,Konshisha,APC,13997
Benue,Konshisha,LP,21606
Benue,Konshisha,PDP,5905
Benue,Logo,APC,15574
Benue,Logo,LP,296
Benue,Logo,PDP,16385
Benue,Makurdi,APC,56432
Benue,Makurdi,LP,3792
Benue,Makurdi,PDP,12329
Benue,Obi,APC,9897
Benue,Obi,LP,1185
Benue,Obi,PDP,6267
Benue,Ogbadibo,APC,7627
Benue,Ogbadibo,LP,405
Benue,Ogbadibo,PDP,6032
Benue,Ohimini,APC,7233
Benue,Ohimini,LP,973
Benue,Ohimini,PDP,6785
Benue,Oju,APC,17245
Benue,Oju,LP,1611
Benue,Oju,PDP,8811
Benue,Okpokwu,APC,9326
Benue,Okpokwu,LP,1039
Benue,Okpokwu,PDP,8634
Benue,Oturkpo,APC,19430
Benue,Oturkpo,LP,2187
Benue,Oturkpo,PDP,12834
Benue,Tarka,APC,16422
Benue,Tarka,LP,175
Benue,Tarka,PDP,3748
Benue,Ukum,APC,28503
Benue,Ukum,LP,439
Benue,Ukum,PDP,9418
Benue,Ushongo,APC,31946
Benue,Ushongo,LP,913
Benue,Ushongo,PDP,8879
Benue,Vandeikya,APC,46786
Benue,Vandeikya,LP,129
Benue,Vandeikya,PDP,12988
Borno,Kaga,APC,9523
Borno,Kaga,PDP,1091
Borno,Magumeri,APC,10428
Borno,Magumeri,PDP,151
Borno,Mafa,APC,23615
Borno,Mafa,PDP,83
Borno,Dikwa,APC,17294
Borno,Dikwa,PDP,765
Borno,Jere,APC,45247
Borno,Jere,PDP,2785
Borno,Nganzai,APC,8078
Borno,Nganzai,PDP,150
Borno,Guzamala,APC,18341
Borno,Guzamala,PDP,200
Borno,Konduga,APC,21272
Borno,Konduga,PDP,557
Borno,Gubio,APC,37260
Borno,Gubio,PDP,485
Borno,Kwaya Kusar,APC,11497
Borno,Kwaya Kusar,PDP,6090
Borno,Mobbar,APC,8882
Borno,Mobbar,PDP,250
Borno,Chibok,APC,8134
Borno,Chibok,PDP,5451
Borno,Damboa,APC,21837
Borno,Damboa,PDP,4525
Borno,Bayo,APC,16157
Borno,Bayo,PDP,1370
Borno,Ngala,APC,17602
Borno,Ngala,PDP,115
Borno,Ngala,LP,1
Borno,Abadam,APC,6193
Borno,Abadam,PDP,252
Borno,Kala Balge,APC,9805
Borno,Kala Balge,PDP,517
Borno,Shani,APC,18018
Borno,Shani,PDP,5858
Borno,Shani,LP,67
Borno,Maiduguri,APC,80942
Borno,Maiduguri,PDP,7365
Borno,Maiduguri,LP,41
Borno,Gwoza,APC,22801
Borno,Gwoza,PDP,2449
Borno,Gwoza,LP,67
Borno,Monguno,APC,17189
Borno,Monguno,PDP,280
Borno,Monguno,LP,0
Borno,Bama,APC,30047
Borno,Bama,PDP,1682
Borno,Bama,LP,11
Borno,Askira/Uba,APC,18667
Borno,Askira/Uba,PDP,1179
Borno,Askira/Uba,LP,66
Borno,Marte,APC,12081
Borno,Marte,PDP,57
Borno,Marte,LP,0
Cross River,Abi,APC,9861
Cross River,Abi,PDP,8816
Cross River,Abi,OTHERS,659
Cross River,Akamkpa,APC,10529
Cross River,Akamkpa,PDP,6935
Cross River,Akamkpa,OTHERS,262
Cross River,Akpabuyo,APC,10410
Cross River,Akpabuyo,PDP,5938
Cross River,Akpabuyo,OTHERS,461
Cross River,Bakassi,APC,1632
Cross River,Bakassi,PDP,316
Cross River,Bakassi,OTHERS,46
Cross River,Bekwarra,APC,11839
Cross River,Bekwarra,PDP,12129
Cross River,Bekwarra,OTHERS,611
Cross River,Biase,APC,11626
Cross River,Biase,PDP,7079
Cross River,Biase,OTHERS,387
Cross River,Boki,APC,17355
Cross River,Boki,PDP,15303
Cross River,Boki,OTHERS,520
Cross River,Calabar Municipal,APC,20320
Cross River,Calabar Municipal,PDP,15882
Cross River,Calabar Municipal,OTHERS,1674
Cross River,Calabar South,APC,28340
Cross River,Calabar South,PDP,7980
Cross River,Calabar South,OTHERS,951
Cross River,Etung,APC,5205
Cross River,Etung,PDP,5139
Cross River,Etung,OTHERS,152
Cross River,Ikom,APC,12883
Cross River,Ikom,PDP,14158
Cross River,Ikom,OTHERS,528
Cross River,Obanliku,APC,10386
Cross River,Obanliku,PDP,10100
Cross River,Obanliku,OTHERS,125
Cross River,Obubra,APC,13371
Cross River,Obubra,PDP,10945
Cross River,Obubra,OTHERS,1118
Cross River,Obudu,APC,21599
Cross River,Obudu,PDP,12461
Cross River,Obudu,OTHERS,1258
Cross River,Odukpani,APC,13622
Cross River,Odukpani,PDP,3971
Cross River,Odukpani,OTHERS,1418
Cross River,Ogoja,APC,16162
Cross River,Ogoja,PDP,17483
Cross River,Ogoja,OTHERS,1418
Cross River,Yakurr,APC,17684
Cross River,Yakurr,PDP,9208
Cross River,Yakurr,OTHERS,2922
Cross River,Yala,APC,24793
Cross River,Yala,PDP,15793
Cross River,Yala,OTHERS,1255
Delta,Aniocha North,APC,4386
Delta,Aniocha North,LP,1883
Delta,Aniocha North,PDP,8938
Delta,Aniocha North,OTHERS,1109
Delta,Aniocha South,APC,4623
Delta,Aniocha South,LP,5107
Delta,Aniocha South,PDP,10032
Delta,Aniocha South,OTHERS,706
Delta,Bomadi,APC,4728
Delta,Bomadi,LP,100
Delta,Bomadi,PDP,12340
Delta,Bomadi,OTHERS,391
Delta,Burutu,APC,11736
Delta,Burutu,LP,123
Delta,Burutu,PDP,12641
Delta,Burutu,OTHERS,462
Delta,Ethiope East,APC,11600
Delta,Ethiope East,LP,530
Delta,Ethiope East,PDP,13030
Delta,Ethiope East,OTHERS,2654
Delta,Ethiope West,APC,6758
Delta,Ethiope West,LP,304
Delta,Ethiope West,PDP,7065
Delta,Ethiope West,OTHERS,247
Delta,Ika North East,APC,4733
Delta,Ika North East,LP,1990
Delta,Ika North East,PDP,26760
Delta,Ika North East,OTHERS,325
Delta,Ika South,APC,6790
Delta,Ika South,LP,4495
Delta,Ika South,PDP,15283
Delta,Ika South,OTHERS,581
Delta,Isoko North,APC,10811
Delta,Isoko North,LP,894
Delta,Isoko North,PDP,15899
Delta,Isoko North,OTHERS,728
Delta,Isoko South,APC,15954
Delta,Isoko South,LP,492
Delta,Isoko South,PDP,19963
Delta,Isoko South,OTHERS,1700
Delta,Ndokwa East,APC,9044
Delta,Ndokwa East,LP,251
Delta,Ndokwa East,PDP,10146
Delta,Ndokwa East,OTHERS,402
Delta,Ndokwa West,APC,10252
Delta,Ndokwa West,LP,935
Delta,Ndokwa West,PDP,15539
Delta,Ndokwa West,OTHERS,263
Delta,Okpe,APC,8679
Delta,Okpe,LP,1155
Delta,Okpe,PDP,14544
Delta,Okpe,OTHERS,649
Delta,Oshimili North,APC,5327
Delta,Oshimili North,LP,2183
Delta,Oshimili North,PDP,35966
Delta,Oshimili North,OTHERS,1892
Delta,Oshimili South,APC,4763
Delta,Oshimili South,LP,10148
Delta,Oshimili South,PDP,23149
Delta,Oshimili South,OTHERS,470
Delta,Patani,APC,4743
Delta,Patani,LP,85
Delta,Patani,PDP,6069
Delta,Patani,OTHERS,286
Delta,Sapele,APC,12090
Delta,Sapele,LP,1458
Delta,Sapele,PDP,15217
Delta,Sapele,OTHERS,1050
Delta,Udu,APC,13769
Delta,Udu,LP,1886
Delta,Udu,PDP,9746
Delta,Udu,OTHERS,741
Delta,Ughelli North,APC,34955
Delta,Ughelli North,LP,1438
Delta,Ughelli North,PDP,15198
Delta,Ughelli North,OTHERS,1641
Delta,Ughelli South,APC,15620
Delta,Ughelli South,LP,571
Delta,Ughelli South,PDP,15513
Delta,Ughelli South,OTHERS,3116
Delta,Ukwuani,APC,7591
Delta,Ukwuani,LP,791
Delta,Ukwuani,PDP,14640
Delta,Ukwuani,OTHERS,574
Delta,Uvwie,APC,12389
Delta,Uvwie,LP,6340
Delta,Uvwie,PDP,9776
Delta,Uvwie,OTHERS,1758
Delta,Warri North,APC,4165
Delta,Warri North,LP,205
Delta,Warri North,PDP,10367
Delta,Warri North,OTHERS,402
Delta,Warri South,APC,11569
Delta,Warri South,LP,3743
Delta,Warri South,PDP,15299
Delta,Warri South,OTHERS,1157
Delta,Warri South West,APC,3770
Delta,Warri South West,LP,140
Delta,Warri South West,PDP,7114
Delta,Warri South West,OTHERS,109
Ebonyi,Ishielu,AA,7
Ebonyi,Ishielu,ADC,74
Ebonyi,Ishielu,ADP,32
Ebonyi,Ishielu,APC,10682
Ebonyi,Ishielu,APGA,3698
Ebonyi,Ishielu,APM,22
Ebonyi,Ishielu,APP,9
Ebonyi,Ishielu,LP,562
Ebonyi,Ishielu,NNPP,63
Ebonyi,Ishielu,NRM,20
Ebonyi,Ishielu,PDP,5207
Ebonyi,Ishielu,SDP,3
Ebonyi,Ishielu,YPP,21
Ebonyi,Afikpo North,AA,56
Ebonyi,Afikpo North,ADC,82
Ebonyi,Afikpo North,ADP,49
Ebonyi,Afikpo North,APC,11883
Ebonyi,Afikpo North,APGA,3626
Ebonyi,Afikpo North,APM,14
Ebonyi,Afikpo North,APP,5
Ebonyi,Afikpo North,LP,697
Ebonyi,Afikpo North,NNPP,70
Ebonyi,Afikpo North,NRM,28
Ebonyi,Afikpo North,PDP,10317
Ebonyi,Afikpo North,SDP,26
Ebonyi,Afikpo North,YPP,27
Ebonyi,Ikwo,AA,12
Ebonyi,Ikwo,ADC,68
Ebonyi,Ikwo,ADP,104
Ebonyi,Ikwo,APC,19967
Ebonyi,Ikwo,APGA,5770
Ebonyi,Ikwo,APM,34
Ebonyi,Ikwo,APP,10
Ebonyi,Ikwo,LP,410
Ebonyi,Ikwo,NNPP,69
Ebonyi,Ikwo,NRM,47
Ebonyi,Ikwo,PDP,11588
Ebonyi,Ikwo,SDP,10
Ebonyi,Ikwo,YPP,24
Ebonyi,Onicha,AA,127
Ebonyi,Onicha,ADC,38
Ebonyi,Onicha,ADP,26
Ebonyi,Onicha,APC,5140
Ebonyi,Onicha,APGA,1854
Ebonyi,Onicha,APM,8
Ebonyi,Onicha,APP,6
Ebonyi,Onicha,LP,651
Ebonyi,Onicha,NNPP,16
Ebonyi,Onicha,NRM,33
Ebonyi,Onicha,PDP,15503
Ebonyi,Onicha,SDP,4
Ebonyi,Onicha,YPP,6
Ebonyi,Ivo,AA,3
Ebonyi,Ivo,ADC,24
Ebonyi,Ivo,ADP,17
Ebonyi,Ivo,APC,6459
Ebonyi,Ivo,APGA,209
Ebonyi,Ivo,APM,6
Ebonyi,Ivo,APP,1
Ebonyi,Ivo,LP,615
Ebonyi,Ivo,NNPP,101
Ebonyi,Ivo,NRM,20
Ebonyi,Ivo,PDP,3111
Ebonyi,Ivo,SDP,2
Ebonyi,Ivo,YPP,10
Ebonyi,Izzi,AA,5
Ebonyi,Izzi,ADC,36
Ebonyi,Izzi,ADP,34
Ebonyi,Izzi,APC,49481
Ebonyi,Izzi,APGA,94
Ebonyi,Izzi,APM,13
Ebonyi,Izzi,APP,4
Ebonyi,Izzi,LP,333
Ebonyi,Izzi,NNPP,28
Ebonyi,Izzi,NRM,8
Ebonyi,Izzi,PDP,1429
Ebonyi,Izzi,SDP,2
Ebonyi,Izzi,YPP,39
Ebonyi,Ohaozara,AA,10
Ebonyi,Ohaozara,ADC,35
Ebonyi,Ohaozara,ADP,30
Ebonyi,Ohaozara,APC,10903
Ebonyi,Ohaozara,APGA,1077
Ebonyi,Ohaozara,APM,10
Ebonyi,Ohaozara,APP,27
Ebonyi,Ohaozara,LP,358
Ebonyi,Ohaozara,NNPP,10
Ebonyi,Ohaozara,NRM,42
Ebonyi,Ohaozara,PDP,5003
Ebonyi,Ohaozara,SDP,2
Ebonyi,Ohaozara,YPP,5
Ebonyi,Ezza North,AA,68
Ebonyi,Ezza North,ADC,27
Ebonyi,Ezza North,ADP,34
Ebonyi,Ezza North,APC,3285
Ebonyi,Ezza North,APGA,16765
Ebonyi,Ezza North,APM,34
Ebonyi,Ezza North,APP,13
Ebonyi,Ezza North,LP,454
Ebonyi,Ezza North,NNPP,33
Ebonyi,Ezza North,NRM,13
Ebonyi,Ezza North,PDP,2344
Ebonyi,Ezza North,SDP,29
Ebonyi,Ezza North,YPP,6
Ebonyi,Ebonyi,AA,49
Ebonyi,Ebonyi,ADC,32
Ebonyi,Ebonyi,ADP,56
Ebonyi,Ebonyi,APC,20876
Ebonyi,Ebonyi,APGA,3221
Ebonyi,Ebonyi,APM,7
Ebonyi,Ebonyi,APP,7
Ebonyi,Ebonyi,LP,543
Ebonyi,Ebonyi,NNPP,79
Ebonyi,Ebonyi,NRM,11
Ebonyi,Ebonyi,PDP,3056
Ebonyi,Ebonyi,SDP,5
Ebonyi,Ebonyi,YPP,29
Enugu,Aninri,APC,902
Enugu,Aninri,APGA,498
Enugu,Aninri,LP,3431
Enugu,Aninri,PDP,6520
Enugu,Aninri,OTHERS,268
Enugu,Awgu,APC,1175
Enugu,Awgu,APGA,805
Enugu,Awgu,LP,5462
Enugu,Awgu,PDP,10668
Enugu,Awgu,OTHERS,829
Enugu,Enugu East,APC,622
Enugu,Enugu East,APGA,2779
Enugu,Enugu East,LP,12405
Enugu,Enugu East,PDP,12803
Enugu,Enugu East,OTHERS,365
Enugu,Enugu North,APC,563
Enugu,Enugu North,APGA,3108
Enugu,Enugu North,LP,9610
Enugu,Enugu North,PDP,9333
Enugu,Enugu North,OTHERS,548
Enugu,Enugu South,APC,560
Enugu,Enugu South,APGA,3110
Enugu,Enugu South,LP,7438
Enugu,Enugu South,PDP,10557
Enugu,Enugu South,OTHERS,431
Enugu,Ezeagu,APC,963
Enugu,Ezeagu,APGA,300
Enugu,Ezeagu,LP,5949
Enugu,Ezeagu,PDP,7576
Enugu,Ezeagu,OTHERS,253
Enugu,Igbo Etiti,APC,939
Enugu,Igbo Etiti,APGA,1259
Enugu,Igbo Etiti,LP,11941
Enugu,Igbo Etiti,PDP,8959
Enugu,Igbo Etiti,OTHERS,572
Enugu,Igbo Eze North,APC,541
Enugu,Igbo Eze North,APGA,250
Enugu,Igbo Eze North,LP,9955
Enugu,Igbo Eze North,PDP,8738
Enugu,Igbo Eze North,OTHERS,446
Enugu,Igbo Eze South,APC,927
Enugu,Igbo Eze South,APGA,246
Enugu,Igbo Eze South,LP,9680
Enugu,Igbo Eze South,PDP,4691
Enugu,Igbo Eze South,OTHERS,463
Enugu,Isi Uzo,APC,231
Enugu,Isi Uzo,APGA,42
Enugu,Isi Uzo,LP,12518
Enugu,Isi Uzo,PDP,6381
Enugu,Isi Uzo,OTHERS,212
Enugu,Nkanu East,APC,448
Enugu,Nkanu East,APGA,188
Enugu,Nkanu East,LP,1855
Enugu,Nkanu East,PDP,30350
Enugu,Nkanu East,OTHERS,117
Enugu,Nkanu West,APC,1676
Enugu,Nkanu West,APGA,1609
Enugu,Nkanu West,LP,2577
Enugu,Nkanu West,PDP,8382
Enugu,Nkanu West,OTHERS,222
Enugu,Nsukka,APC,1017
Enugu,Nsukka,APGA,1309
Enugu,Nsukka,LP,30294
Enugu,Nsukka,PDP,10886
Enugu,Nsukka,OTHERS,911
Enugu,Oji River,APC,1060
Enugu,Oji River,APGA,246
Enugu,Oji River,LP,7747
Enugu,Oji River,PDP,7365
Enugu,Oji River,OTHERS,289
Enugu,Udenu,APC,513
Enugu,Udenu,APGA,412
Enugu,Udenu,LP,11315
Enugu,Udenu,PDP,10148
Enugu,Udenu,OTHERS,566
Enugu,Udi,APC,1648
Enugu,Udi,APGA,1724
Enugu,Udi,LP,10109
Enugu,Udi,PDP,13633
Enugu,Udi,OTHERS,840
Enugu,Uzo Uwani,APC,1019
Enugu,Uzo Uwani,APGA,169
Enugu,Uzo Uwani,LP,5257
Enugu,Uzo Uwani,PDP,7298
Enugu,Uzo Uwani,OTHERS,154
Gombe,Akko,APC,50919
Gombe,Akko,PDP,36759
Gombe,Akko,OTHERS,4111
Gombe,Balanga,APC,25341
Gombe,Balanga,PDP,20085
Gombe,Balanga,OTHERS,2091
Gombe,Billiri,APC,14752
Gombe,Billiri,PDP,23066
Gombe,Billiri,OTHERS,4781
Gombe,Dukku,APC,35207
Gombe,Dukku,PDP,14181
Gombe,Dukku,OTHERS,2165
Gombe,Funakaye,APC,30371
Gombe,Funakaye,PDP,17332
Gombe,Funakaye,OTHERS,1018
Gombe,Gombe,APC,58645
Gombe,Gombe,PDP,31605
Gombe,Gombe,OTHERS,6501
Gombe,Kaltungo,APC,21015
Gombe,Kaltungo,PDP,21321
Gombe,Kaltungo,OTHERS,1817
Gombe,Kwami,APC,33956
Gombe,Kwami,PDP,17454
Gombe,Kwami,OTHERS,1581
Gombe,Nafada,APC,15025
Gombe,Nafada,PDP,9378
Gombe,Nafada,OTHERS,701
Gombe,Shongom,APC,13609
Gombe,Shongom,PDP,13412
Gombe,Shongom,OTHERS,1258
Gombe,Yamaltu/Deba,APC,43981
Gombe,Yamaltu/Deba,PDP,28538
Gombe,Yamaltu/Deba,OTHERS,3379
Imo,Oru East,APC,67315
Imo,Oru East,LP,3443
Imo,Oru East,PDP,2202
Imo,Njaba,APC,8110
Imo,Njaba,LP,995
Imo,Njaba,PDP,2404
Imo,Mbaitoli,APC,12556
Imo,Mbaitoli,LP,4007
Imo,Mbaitoli,PDP,5343
Imo,Ihitte Uboma,APC,11099
Imo,Ihitte Uboma,LP,2766
Imo,Ihitte Uboma,PDP,3077
Imo,Ideato North,APC,5271
Imo,Ideato North,LP,1522
Imo,Ideato North,PDP,2062
Imo,Ohaji/Egbema,APC,14962
Imo,Ohaji/Egbema,LP,1506
Imo,Ohaji/Egbema,PDP,3694
Imo,Orlu,APC,37614
Imo,Orlu,LP,1711
Imo,Orlu,PDP,2424
Imo,Nwangele,APC,29282
Imo,Nwangele,LP,895
Imo,Nwangele,PDP,2132
Imo,Onuimo,APC,13134
Imo,Onuimo,LP,1753
Imo,Onuimo,PDP,2676
Imo,Orsu,APC,18003
Imo,Orsu,LP,813
Imo,Orsu,PDP,624
Imo,Ehime Mbano,APC,6632
Imo,Ehime Mbano,LP,4958
Imo,Ehime Mbano,PDP,681
Imo,Ikeduru,APC,22356
Imo,Ikeduru,LP,1877
Imo,Ikeduru,PDP,7258
Imo,Owerri Municipal,APC,5324
Imo,Owerri Municipal,LP,2914
Imo,Owerri Municipal,PDP,2180
Imo,Aboh Mbaise,APC,9638
Imo,Aboh Mbaise,LP,2455
Imo,Aboh Mbaise,PDP,1724
Imo,Oguta,APC,57310
Imo,Oguta,LP,1941
Imo,Oguta,PDP,2653
Imo,Ezinihitte Mbaise,APC,8473
Imo,Ezinihitte Mbaise,LP,3332
Imo,Ezinihitte Mbaise,PDP,2737
Imo,Ezinihitte Mbaise,APGA,73
Imo,Isiala Mbano,APC,10860
Imo,Isiala Mbano,LP,2419
Imo,Isiala Mbano,PDP,1659
Imo,Owerri West,APC,9205
Imo,Owerri West,LP,2597
Imo,Owerri West,PDP,3305
Imo,Ngor Okpala,APC,14143
Imo,Ngor Okpala,LP,2716
Imo,Ngor Okpala,PDP,3451
Imo,Nkwerre,APC,22488
Imo,Nkwerre,LP,1320
Imo,Nkwerre,PDP,2632
Imo,Ahiazu Mbaise,APC,8369
Imo,Ahiazu Mbaise,LP,2214
Imo,Ahiazu Mbaise,PDP,3507
Imo,Isu,APC,11312
Imo,Isu,LP,1253
Imo,Isu,PDP,2508
Imo,Owerri North,APC,8536
Imo,Owerri North,LP,4386
Imo,Owerri North,PDP,3449
Imo,Oru West,APC,38726
Imo,Oru West,LP,1867
Imo,Oru West,PDP,987
Imo,Oru West,APGA,275
Imo,Obowo,APC,17514
Imo,Obowo,LP,3404
Imo,Obowo,PDP,711
Imo,Ideato South,APC,16891
Imo,Ideato South,LP,1649
Imo,Ideato South,PDP,2469
Imo,Okigwe,APC,55585
Imo,Okigwe,LP,2655
Imo,Okigwe,PDP,1688
Jigawa,Auyo,APC,25115
Jigawa,Auyo,LP,59
Jigawa,Auyo,NNPP,1400
Jigawa,Auyo,PDP,10424
Jigawa,Babura,APC,28041
Jigawa,Babura,LP,67
Jigawa,Babura,NNPP,2567
Jigawa,Babura,PDP,13172
Jigawa,Biriniwa,APC,21341
Jigawa,Biriniwa,LP,14
Jigawa,Biriniwa,NNPP,1199
Jigawa,Biriniwa,PDP,12149
Jigawa,Birnin Kudu,APC,33027
Jigawa,Birnin Kudu,LP,30
Jigawa,Birnin Kudu,NNPP,677
Jigawa,Birnin Kudu,PDP,35517
Jigawa,Buji,APC,15941
Jigawa,Buji,LP,7
Jigawa,Buji,NNPP,316
Jigawa,Buji,PDP,11447
Jigawa,Dutse,APC,30051
Jigawa,Dutse,LP,44
Jigawa,Dutse,NNPP,674
Jigawa,Dutse,PDP,28464
Jigawa,Gagarawa,APC,12752
Jigawa,Gagarawa,LP,31
Jigawa,Gagarawa,NNPP,1405
Jigawa,Gagarawa,PDP,8704
Jigawa,Garki,APC,26031
Jigawa,Garki,LP,33
Jigawa,Garki,NNPP,3199
Jigawa,Garki,PDP,12449
Jigawa,Gumel,APC,12921
Jigawa,Gumel,LP,5
Jigawa,Gumel,NNPP,137
Jigawa,Gumel,PDP,9132
Jigawa,Guri,APC,17384
Jigawa,Guri,LP,9
Jigawa,Guri,NNPP,2267
Jigawa,Guri,PDP,6829
Jigawa,Gwaram,APC,34394
Jigawa,Gwaram,LP,309
Jigawa,Gwaram,NNPP,1057
Jigawa,Gwaram,PDP,33832
Jigawa,Gwiwa,APC,17526
Jigawa,Gwiwa,LP,14
Jigawa,Gwiwa,NNPP,368
Jigawa,Gwiwa,PDP,6959
Jigawa,Hadejia,APC,28381
Jigawa,Hadejia,LP,50
Jigawa,Hadejia,NNPP,2001
Jigawa,Hadejia,PDP,4304
Jigawa,Jahun,APC,31376
Jigawa,Jahun,LP,17
Jigawa,Jahun,NNPP,1127
Jigawa,Jahun,PDP,21106
Jigawa,Kafin Hausa,APC,35458
Jigawa,Kafin Hausa,LP,25
Jigawa,Kafin Hausa,NNPP,755
Jigawa,Kafin Hausa,PDP,17049
Jigawa,Kaugama,APC,23557
Jigawa,Kaugama,LP,20
Jigawa,Kaugama,NNPP,2165
Jigawa,Kaugama,PDP,13658
Jigawa,Kazaure,APC,13650
Jigawa,Kazaure,LP,34
Jigawa,Kazaure,NNPP,559
Jigawa,Kazaure,PDP,10138
Jigawa,Kiri Kasama,APC,22255
Jigawa,Kiri Kasama,LP,11
Jigawa,Kiri Kasama,NNPP,1462
Jigawa,Kiri Kasama,PDP,10586
Jigawa,Kiyawa,APC,25397
Jigawa,Kiyawa,LP,10
Jigawa,Kiyawa,NNPP,486
Jigawa,Kiyawa,PDP,16363
Jigawa,Maigatari,APC,19321
Jigawa,Maigatari,LP,11
Jigawa,Maigatari,NNPP,481
Jigawa,Maigatari,PDP,13161
Jigawa,Malam Madori,APC,20538
Jigawa,Malam Madori,LP,25
Jigawa,Malam Madori,NNPP,914
Jigawa,Malam Madori,PDP,10692
Jigawa,Miga,APC,18537
Jigawa,Miga,LP,8
Jigawa,Miga,NNPP,705
Jigawa,Miga,PDP,11520
Jigawa,Ringim,APC,32475
Jigawa,Ringim,LP,44
Jigawa,Ringim,NNPP,7809
Jigawa,Ringim,PDP,12318
Jigawa,Roni,APC,15697
Jigawa,Roni,LP,0
Jigawa,Roni,NNPP,258
Jigawa,Roni,PDP,7419
Jigawa,Sule Tankarkar,APC,22819
Jigawa,Sule Tankarkar,LP,21
Jigawa,Sule Tankarkar,NNPP,1305
Jigawa,Sule Tankarkar,PDP,14512
Jigawa,Taura,APC,25991
Jigawa,Taura,LP,35
Jigawa,Taura,NNPP,1569
Jigawa,Taura,PDP,11753
Jigawa,Yankwashi,APC,8473
Jigawa,Yankwashi,LP,26
Jigawa,Yankwashi,NNPP,294
Jigawa,Yankwashi,PDP,5069
Kaduna,Kaura,APC,7748
Kaduna,Kaura,PDP,15108
Kaduna,Kaura,LP,12950
Kaduna,Kaura,NNPP,618
Kaduna,Giwa,APC,30773
Kaduna,Giwa,PDP,28869
Kaduna,Giwa,LP,221
Kaduna,Giwa,NNPP,547
Kaduna,Sanga,APC,12338
Kaduna,Sanga,PDP,13119
Kaduna,Sanga,LP,2135
Kaduna,Sanga,NNPP,457
Kaduna,Kajuru,APC,8271
Kaduna,Kajuru,PDP,23125
Kaduna,Kajuru,LP,1773
Kaduna,Kajuru,NNPP,982
Kaduna,Jaba,APC,7564
Kaduna,Jaba,PDP,14616
Kaduna,Jaba,LP,2871
Kaduna,Jaba,NNPP,174
Kaduna,Makarfi,APC,25670
Kaduna,Makarfi,PDP,26128
Kaduna,Makarfi,LP,278
Kaduna,Makarfi,NNPP,532
Kaduna,Ikara,APC,29066
Kaduna,Ikara,PDP,28612
Kaduna,Ikara,LP,692
Kaduna,Ikara,NNPP,550
Kaduna,Jema'a,APC,19920
Kaduna,Jema'a,PDP,28963
Kaduna,Jema'a,LP,6017
Kaduna,Jema'a,NNPP,54
Kaduna,Zangon Kataf,APC,11448
Kaduna,Zangon Kataf,PDP,33185
Kaduna,Zangon Kataf,LP,7377
Kaduna,Zangon Kataf,NNPP,534
Kaduna,Kauru,APC,26915
Kaduna,Kauru,PDP,26342
Kaduna,Kauru,LP,3461
Kaduna,Kauru,NNPP,455
Kaduna,Soba,APC,27235
Kaduna,Soba,PDP,30874
Kaduna,Soba,LP,457
Kaduna,Soba,NNPP,335
Kaduna,Sabon Gari,APC,44406
Kaduna,Sabon Gari,PDP,33553
Kaduna,Sabon Gari,LP,972
Kaduna,Sabon Gari,NNPP,2706
Kaduna,Kubau,APC,39855
Kaduna,Kubau,PDP,26627
Kaduna,Kubau,LP,604
Kaduna,Kubau,NNPP,102
Kaduna,Zaria,APC,78659
Kaduna,Zaria,PDP,47091
Kaduna,Zaria,LP,672
Kaduna,Zaria,NNPP,2567
Kaduna,Kaduna South,APC,69170
Kaduna,Kaduna South,PDP,42604
Kaduna,Kaduna South,LP,2292
Kaduna,Kaduna South,NNPP,1048
Kaduna,Kaduna North,APC,65782
Kaduna,Kaduna North,PDP,33120
Kaduna,Kaduna North,LP,1042
Kaduna,Kaduna North,NNPP,4307
Kaduna,Chikun,APC,19979
Kaduna,Chikun,PDP,89946
Kaduna,Chikun,LP,4770
Kaduna,Chikun,NNPP,377
Kaduna,Igabi,APC,74974
Kaduna,Igabi,PDP,40681
Kaduna,Igabi,LP,1178
Kaduna,Igabi,NNPP,1117
Kaduna,Kagarko,APC,18830
Kaduna,Kagarko,PDP,19991
Kaduna,Kagarko,LP,1530
Kaduna,Kagarko,NNPP,221
Kaduna,Kachia,APC,23849
Kaduna,Kachia,PDP,27491
Kaduna,Kachia,LP,1726
Kaduna,Kachia,NNPP,470
Kaduna,Lere,APC,45823
Kaduna,Lere,PDP,46365
Kaduna,Lere,LP,4321
Kaduna,Birnin Gwari,APC,20627
Kaduna,Birnin Gwari,PDP,19954
Kaduna,Birnin Gwari,LP,37
Kaduna,Birnin Gwari,NNPP,726
Kano,Nasarawa,APC,38952
Kano,Nasarawa,NNPP,53434
Kano,Nasarawa,PDP,480
Kano,Kano Municipal,APC,30264
Kano,Kano Municipal,NNPP,47351
Kano,Kano Municipal,PDP,359
Kano,Kano Municipal,ADP,1297
Kano,Gwarzo,APC,26881
Kano,Gwarzo,NNPP,25419
Kano,Gwarzo,PDP,377
Kano,Dala,APC,28880
Kano,Dala,NNPP,54794
Kano,Dala,PDP,239
Kano,Takai,APC,25244
Kano,Takai,NNPP,23666
Kano,Takai,PDP,194
Kano,Gwale,APC,21548
Kano,Gwale,NNPP,39460
Kano,Gwale,PDP,638
Kano,Tarauni,APC,21276
Kano,Tarauni,NNPP,31333
Kano,Tarauni,PDP,321
Kano,Ungogo,APC,24644
Kano,Ungogo,NNPP,33111
Kano,Ungogo,PDP,819
Kano,Kumbotso,APC,22681
Kano,Kumbotso,NNPP,37668
Kano,Kumbotso,PDP,326
Kano,Dawakin Tofa,APC,25226
Kano,Dawakin Tofa,NNPP,24124
Kano,Dawakin Tofa,PDP,258
Kano,Kura,APC,18924
Kano,Kura,NNPP,20989
Kano,Kura,PDP,259
Kano,Garun Mallam,APC,14958
Kano,Garun Mallam,NNPP,15400
Kano,Garun Mallam,PDP,107
Kano,Madobi,APC,17102
Kano,Madobi,NNPP,25151
Kano,Madobi,PDP,203
Kano,Dawakin Kudu,APC,23656
Kano,Dawakin Kudu,NNPP,31814
Kano,Dawakin Kudu,PDP,1350
Kano,Gaya,APC,19272
Kano,Gaya,NNPP,19246
Kano,Gaya,PDP,71
Kano,Kiru,APC,27014
Kano,Kiru,NNPP,29153
Kano,Kiru,PDP,263
Kano,Rimin Gado,APC,12316
Kano,Rimin Gado,NNPP,13402
Kano,Rimin Gado,PDP,64
Kano,Doguwa,APC,20658
Kano,Doguwa,NNPP,17184
Kano,Doguwa,PDP,720
Kano,Sumaila,APC,19682
Kano,Sumaila,NNPP,29057
Kano,Sumaila,PDP,113
Kano,Bichi,APC,46443
Kano,Bichi,NNPP,23029
Kano,Bichi,PDP,112
Kano,Bunkure,APC,17156
Kano,Bunkure,NNPP,19277
Kano,Bunkure,PDP,692
Kano,Garko,APC,14658
Kano,Garko,NNPP,18808
Kano,Garko,PDP,162
Kano,Dambatta,APC,16995
Kano,Dambatta,NNPP,9674
Kano,Dambatta,PDP,1107
Kano,Tudun Wada,APC,24382
Kano,Tudun Wada,NNPP,27434
Kano,Tudun Wada,PDP,166
Kano,Warawa,APC,16296
Kano,Warawa,NNPP,14629
Kano,Warawa,PDP,201
Kano,Gezawa,APC,19961
Kano,Gezawa,NNPP,22077
Kano,Gezawa,PDP,277
Kano,Kibiya,APC,13260
Kano,Kibiya,NNPP,17157
Kano,Kibiya,PDP,52
Kano,Kabo,APC,23599
Kano,Kabo,NNPP,16963
Kano,Kabo,PDP,2118
Kano,Bagwai,APC,21295
Kano,Bagwai,NNPP,17311
Kano,Bagwai,PDP,51
Kano,Shanono,APC,17249
Kano,Shanono,NNPP,13650
Kano,Shanono,PDP,272
Kano,Ajingi,APC,14438
Kano,Ajingi,NNPP,15422
Kano,Ajingi,PDP,103
Kano,Gabasawa,APC,17584
Kano,Gabasawa,NNPP,19507
Kano,Gabasawa,PDP,1269
Kano,Albasu,APC,16959
Kano,Albasu,NNPP,19952
Kano,Albasu,PDP,293
Kano,Minjibir,APC,16039
Kano,Minjibir,NNPP,17575
Kano,Minjibir,PDP,189
Kano,Minjibir,ADP,148
Kano,Tsanyawa,APC,18746
Kano,Tsanyawa,NNPP,16767
Kano,Tsanyawa,PDP,71
Kano,Makoda,APC,15006
Kano,Makoda,NNPP,13956
Kano,Makoda,PDP,101
Kano,Rogo,APC,11112
Kano,Rogo,NNPP,18559
Kano,Rogo,PDP,124
Kano,Wudil,APC,20299
Kano,Wudil,NNPP,21740
Kano,Wudil,PDP,118
Kano,Kunchi,APC,13215
Kano,Kunchi,NNPP,10674
Kano,Kunchi,PDP,34
Kano,Karaye,APC,14515
Kano,Karaye,NNPP,15838
Kano,Karaye,PDP,77
Kano,Rano,APC,17090
Kano,Rano,NNPP,18040
Kano,Rano,PDP,225
Kano,Bebeji,APC,14782
Kano,Bebeji,NNPP,21001
Kano,Bebeji,PDP,254
Kano,Bebeji,OTHERS,0
Kano,Fagge,APC,17457
Kano,Fagge,NNPP,23015
Kano,Fagge,PDP,540
Kano,Fagge,OTHERS,0
Kano,Tofa,APC,12996
Kano,Tofa,NNPP,15789
Kano,Tofa,PDP,183
Kano,Tofa,OTHERS,0
Katsina,Dutsin-Ma,APC,23878
Katsina,Dutsin-Ma,PDP,14328
Katsina,Dutsin-Ma,LP,27
Katsina,Dutsin-Ma,NNPP,755
Katsina,Dutsin-Ma,PRP,924
Katsina,Dutsin-Ma,SDP,12
Katsina,Faskari,APC,27366
Katsina,Faskari,PDP,22565
Katsina,Faskari,LP,10
Katsina,Faskari,NNPP,152
Katsina,Faskari,PRP,20
Katsina,Faskari,SDP,7
Katsina,Kankara,APC,21652
Katsina,Kankara,PDP,27984
Katsina,Kankara,LP,1
Katsina,Kankara,NNPP,151
Katsina,Kankara,PRP,28
Katsina,Kankara,SDP,1
Katsina,Malumfashi,APC,43522
Katsina,Malumfashi,PDP,24676
Katsina,Malumfashi,LP,41
Katsina,Malumfashi,NNPP,519
Katsina,Malumfashi,PRP,50
Katsina,Malumfashi,SDP,55
Katsina,Danja,APC,28040
Katsina,Danja,PDP,16302
Katsina,Danja,LP,0
Katsina,Danja,NNPP,39
Katsina,Danja,PRP,39
Katsina,Danja,SDP,2
Katsina,Matazu,APC,18363
Katsina,Matazu,PDP,10551
Katsina,Matazu,LP,2
Katsina,Matazu,NNPP,9
Katsina,Matazu,PRP,7
Katsina,Matazu,SDP,0
Katsina,Bakori,APC,29892
Katsina,Bakori,PDP,19592
Katsina,Bakori,LP,7
Katsina,Bakori,NNPP,294
Katsina,Bakori,PRP,793
Katsina,Bakori,SDP,34
Katsina,Katsina,APC,47241
Katsina,Katsina,PDP,28982
Katsina,Katsina,LP,94
Katsina,Katsina,NNPP,305
Katsina,Katsina,PRP,915
Katsina,Katsina,SDP,529
Katsina,Danmusa,APC,20145
Katsina,Danmusa,PDP,12514
Katsina,Danmusa,LP,0
Katsina,Danmusa,NNPP,23
Katsina,Danmusa,PRP,7
Katsina,Danmusa,SDP,0
Katsina,Sabuwa,APC,16224
Katsina,Sabuwa,PDP,11340
Katsina,Sabuwa,LP,1
Katsina,Sabuwa,NNPP,27
Katsina,Sabuwa,PRP,8
Katsina,Sabuwa,SDP,15
Katsina,Kurfi,APC,18750
Katsina,Kurfi,PDP,10545
Katsina,Kurfi,LP,19
Katsina,Kurfi,NNPP,2134
Katsina,Kurfi,PRP,14
Katsina,Kurfi,SDP,2
Katsina,Charanchi,APC,20782
Katsina,Charanchi,PDP,7539
Katsina,Charanchi,LP,5
Katsina,Charanchi,NNPP,66
Katsina,Charanchi,PRP,11
Katsina,Charanchi,SDP,0
Katsina,Kankia,APC,18249
Katsina,Kankia,PDP,14830
Katsina,Kankia,LP,1
Katsina,Kankia,NNPP,16
Katsina,Kankia,PRP,22
Katsina,Kankia,SDP,0
Katsina,Jibia,APC,21216
Katsina,Jibia,PDP,13259
Katsina,Jibia,LP,8
Katsina,Jibia,NNPP,22
Katsina,Jibia,PRP,34
Katsina,Jibia,SDP,5
Katsina,Batsari,APC,20053
Katsina,Batsari,PDP,10247
Katsina,Batsari,LP,11
Katsina,Batsari,NNPP,239
Katsina,Batsari,PRP,158
Katsina,Batsari,SDP,2
Katsina,Mashi,APC,28793
Katsina,Mashi,PDP,8896
Katsina,Mashi,LP,8
Katsina,Mashi,NNPP,74
Katsina,Mashi,PRP,11
Katsina,Mashi,SDP,102
Katsina,Daura,APC,26548
Katsina,Daura,PDP,10689
Katsina,Daura,LP,8
Katsina,Daura,NNPP,78
Katsina,Daura,PRP,27
Katsina,Daura,SDP,8
Katsina,Funtua,APC,31924
Katsina,Funtua,PDP,19849
Katsina,Funtua,LP,39
Katsina,Funtua,NNPP,314
Katsina,Funtua,PRP,218
Katsina,Funtua,SDP,3
Katsina,Safana,APC,15417
Katsina,Safana,PDP,10450
Katsina,Safana,LP,2
Katsina,Safana,NNPP,9
Katsina,Safana,PRP,53
Katsina,Safana,SDP,143
Katsina,Mani,APC,29678
Katsina,Mani,PDP,16180
Katsina,Mani,LP,16
Katsina,Mani,NNPP,231
Katsina,Mani,PRP,28
Katsina,Mani,SDP,10
Katsina,Kusada,APC,13750
Katsina,Kusada,PDP,11151
Katsina,Kusada,LP,4
Katsina,Kusada,NNPP,5
Katsina,Kusada,PRP,17
Katsina,Rimi,APC,28202
Katsina,Rimi,PDP,13823
Katsina,Rimi,LP,13
Katsina,Rimi,NNPP,397
Katsina,Zango,APC,19757
Katsina,Zango,PDP,10477
Katsina,Zango,NNPP,4
Katsina,Zango,PRP,14
Katsina,Maiadua,APC,28436
Katsina,Maiadua,PDP,11506
Katsina,Maiadua,NNPP,68
Katsina,Maiadua,PRP,10
Katsina,Kaita,APC,24121
Katsina,Kaita,PDP,9824
Katsina,Kaita,NNPP,53
Katsina,Kaita,PRP,20
Katsina,Bindawa,APC,28997
Katsina,Bindawa,PDP,12165
Katsina,Bindawa,NNPP,957
Katsina,Bindawa,PRP,47
Katsina,Ingawa,APC,22080
Katsina,Ingawa,PDP,12255
Katsina,Ingawa,NNPP,209
Katsina,Ingawa,PRP,217
Katsina,Batagarawa,APC,26326
Katsina,Batagarawa,PDP,13510
Katsina,Batagarawa,NNPP,212
Katsina,Batagarawa,PRP,81
Katsina,Dandume,APC,23710
Katsina,Dandume,PDP,14792
Katsina,Dandume,NNPP,220
Katsina,Dandume,PRP,146
Katsina,Dutsi,APC,15631
Katsina,Dutsi,PDP,8419
Katsina,Dutsi,NNPP,10
Katsina,Dutsi,PRP,10
Katsina,Baure,APC,32802
Katsina,Baure,PDP,17888
Katsina,Baure,NNPP,62
Katsina,Baure,PRP,12
Katsina,Sandamu,APC,21055
Katsina,Sandamu,PDP,10641
Katsina,Sandamu,NNPP,1
Katsina,Sandamu,PRP,3
Katsina,Kafur,APC,42660
Katsina,Kafur,PDP,18733
Katsina,Kafur,OTHERS,489
Katsina,Musawa,APC,24632
Katsina,Musawa,PDP,10118
Katsina,Musawa,OTHERS,0
Kebbi,Argungu,APC,23692
Kebbi,Argungu,PDP,29530
Kebbi,Jega,APC,23542
Kebbi,Jega,PDP,19547
Kebbi,Suru,APC,19418
Kebbi,Suru,PDP,17310
Kebbi,Augie,APC,17595
Kebbi,Augie,PDP,15889
Kebbi,Maiyama,APC,17283
Kebbi,Maiyama,PDP,15252
Kebbi,Gwandu,APC,16028
Kebbi,Gwandu,PDP,15001
Kebbi,Bunza,APC,15830
Kebbi,Bunza,PDP,14203
Kebbi,Aliero,APC,11126
Kebbi,Aliero,PDP,15828
Kebbi,Yauri,APC,15131
Kebbi,Yauri,PDP,14241
Kebbi,Koko/Besse,APC,13138
Kebbi,Koko/Besse,PDP,10969
Kebbi,Kalgo,APC,11799
Kebbi,Kalgo,PDP,10422
Kogi,Ajaokuta,A,6
Kogi,Ajaokuta,AA,24
Kogi,Ajaokuta,AAC,8
Kogi,Ajaokuta,ADC,247
Kogi,Ajaokuta,ADP,55
Kogi,Ajaokuta,APC,23211
Kogi,Ajaokuta,APGA,24
Kogi,Ajaokuta,APM,5
Kogi,Ajaokuta,APP,86
Kogi,Ajaokuta,BP,9
Kogi,Ajaokuta,LP,26
Kogi,Ajaokuta,NNPP,9
Kogi,Ajaokuta,NRM,14
Kogi,Ajaokuta,PDP,483
Kogi,Ajaokuta,PRP,37
Kogi,Ajaokuta,SDP,8869
Kogi,Ajaokuta,YPP,45
Kogi,Ajaokuta,ZLP,15
Kogi,Dekina,A,776
Kogi,Dekina,AA,20
Kogi,Dekina,AAC,34
Kogi,Dekina,ADC,421
Kogi,Dekina,ADP,104
Kogi,Dekina,APC,9174
Kogi,Dekina,APGA,35
Kogi,Dekina,APM,6
Kogi,Dekina,APP,67
Kogi,Dekina,BP,8
Kogi,Dekina,LP,18
Kogi,Dekina,NNPP,17
Kogi,Dekina,NRM,5
Kogi,Dekina,PDP,499
Kogi,Dekina,PRP,213
Kogi,Dekina,SDP,47480
Kogi,Dekina,YPP,252
Kogi,Dekina,ZLP,22
Kogi,Okene,A,13
Kogi,Okene,AA,288
Kogi,Okene,AAC,54
Kogi,Okene,ADC,261
Kogi,Okene,ADP,45
Kogi,Okene,APC,138416
Kogi,Okene,APGA,106
Kogi,Okene,APM,16
Kogi,Okene,APP,12
Kogi,Okene,BP,18
Kogi,Okene,LP,292
Kogi,Okene,NNPP,14
Kogi,Okene,NRM,2
Kogi,Okene,PDP,1463
Kogi,Okene,PRP,36
Kogi,Okene,SDP,271
Kogi,Okene,YPP,16
Kogi,Okene,ZLP,27
Kogi,Ankpa,A,54
Kogi,Ankpa,AA,71
Kogi,Ankpa,AAC,9
Kogi,Ankpa,ADC,186
Kogi,Ankpa,ADP,66
Kogi,Ankpa,APC,8707
Kogi,Ankpa,APGA,28
Kogi,Ankpa,APM,11
Kogi,Ankpa,APP,116
Kogi,Ankpa,BP,3
Kogi,Ankpa,LP,12
Kogi,Ankpa,NNPP,12
Kogi,Ankpa,NRM,36
Kogi,Ankpa,PDP,3654
Kogi,Ankpa,PRP,66
Kogi,Ankpa,SDP,43258
Kogi,Ankpa,YPP,84
Kogi,Ankpa,ZLP,22
Kogi,Olamaboro,A,77
Kogi,Olamaboro,AA,4
Kogi,Olamaboro,AAC,46
Kogi,Olamaboro,ADC,126
Kogi,Olamaboro,ADP,35
Kogi,Olamaboro,APC,5572
Kogi,Olamaboro,APGA,21
Kogi,Olamaboro,APM,3
Kogi,Olamaboro,APP,143
Kogi,Olamaboro,BP,2
Kogi,Olamaboro,LP,15
Kogi,Olamaboro,NNPP,8
Kogi,Olamaboro,NRM,7
Kogi,Olamaboro,PDP,1376
Kogi,Olamaboro,PRP,47
Kogi,Olamaboro,SDP,22173
Kogi,Olamaboro,YPP,62
Kogi,Olamaboro,ZLP,14
Kogi,Omala,A,33
Kogi,Omala,AA,5
Kogi,Omala,AAC,7
Kogi,Omala,ADC,218
Kogi,Omala,ADP,26
Kogi,Omala,APC,2902
Kogi,Omala,APGA,7
Kogi,Omala,APM,1
Kogi,Omala,APP,50
Kogi,Omala,BP,2
Kogi,Omala,LP,5
Kogi,Omala,NNPP,1
Kogi,Omala,NRM,4
Kogi,Omala,PDP,832
Kogi,Omala,PRP,19
Kogi,Omala,SDP,18160
Kogi,Omala,YPP,38
Kogi,Omala,ZLP,7
Kogi,Bassa,A,47
Kogi,Bassa,AA,10
Kogi,Bassa,AAC,32
Kogi,Bassa,ADC,448
Kogi,Bassa,ADP,51
Kogi,Bassa,APC,9515
Kogi,Bassa,APGA,20
Kogi,Bassa,APM,11
Kogi,Bassa,APP,144
Kogi,Bassa,BP,2
Kogi,Bassa,LP,5
Kogi,Bassa,NNPP,7
Kogi,Bassa,NRM,25
Kogi,Bassa,PDP,3605
Kogi,Bassa,PRP,35
Kogi,Bassa,SDP,7543
Kogi,Bassa,YPP,40
Kogi,Bassa,ZLP,14
Kogi,Koton Karfe,A,6
Kogi,Koton Karfe,AA,31
Kogi,Koton Karfe,AAC,8
Kogi,Koton Karfe,ADC,133
Kogi,Koton Karfe,ADP,44
Kogi,Koton Karfe,APC,14769
Kogi,Koton Karfe,APGA,16
Kogi,Koton Karfe,APM,5
Kogi,Koton Karfe,APP,37
Kogi,Koton Karfe,BP,2
Kogi,Koton Karfe,LP,9
Kogi,Koton Karfe,NNPP,5
Kogi,Koton Karfe,NRM,8
Kogi,Koton Karfe,PDP,2974
Kogi,Koton Karfe,PRP,24
Kogi,Koton Karfe,SDP,8441
Kogi,Koton Karfe,YPP,25
Kogi,Koton Karfe,ZLP,4
Kogi,Ofu,A,26
Kogi,Ofu,AA,60
Kogi,Ofu,AAC,28
Kogi,Ofu,ADC,297
Kogi,Ofu,ADP,66
Kogi,Ofu,APC,5245
Kogi,Ofu,APGA,26
Kogi,Ofu,APM,12
Kogi,Ofu,APP,141
Kogi,Ofu,BP,2
Kogi,Ofu,LP,19
Kogi,Ofu,NNPP,12
Kogi,Ofu,NRM,11
Kogi,Ofu,PDP,293
Kogi,Ofu,PRP,62
Kogi,Ofu,SDP,28768
Kogi,Ofu,YPP,86
Kogi,Ofu,ZLP,26
Kogi,Adavi,A,6
Kogi,Adavi,AA,27
Kogi,Adavi,ADC,268
Kogi,Adavi,ADP,9
Kogi,Adavi,APC,101156
Kogi,Adavi,APGA,0
Kogi,Adavi,APM,2
Kogi,Adavi,APP,2
Kogi,Adavi,BP,0
Kogi,Adavi,LP,16
Kogi,Adavi,NNPP,1
Kogi,Adavi,NRM,0
Kogi,Adavi,PDP,1005
Kogi,Adavi,PRP,1
Kogi,Adavi,SDP,268
Kogi,Adavi,YPP,0
Kogi,Adavi,ZLP,0
Kogi,Mopa Muro,A,24
Kogi,Mopa Muro,AA,5
Kogi,Mopa Muro,AAC,24
Kogi,Mopa Muro,ADC,2027
Kogi,Mopa Muro,ADP,48
Kogi,Mopa Muro,APC,5077
Kogi,Mopa Muro,APGA,8
Kogi,Mopa Muro,APM,4
Kogi,Mopa Muro,APP,2
Kogi,Mopa Muro,BP,2
Kogi,Mopa Muro,LP,1
Kogi,Mopa Muro,NNPP,2
Kogi,Mopa Muro,NRM,2
Kogi,Mopa Muro,PDP,1562
Kogi,Mopa Muro,PRP,4
Kogi,Mopa Muro,SDP,253
Kogi,Mopa Muro,YPP,4
Kogi,Mopa Muro,ZLP,0
Kogi,Ijumu,A,20
Kogi,Ijumu,AA,93
Kogi,Ijumu,AAC,32
Kogi,Ijumu,ADC,1898
Kogi,Ijumu,ADP,81
Kogi,Ijumu,APC,10524
Kogi,Ijumu,APGA,12
Kogi,Ijumu,APM,6
Kogi,Ijumu,APP,10
Kogi,Ijumu,BP,3
Kogi,Ijumu,LP,5
Kogi,Ijumu,NNPP,7
Kogi,Ijumu,NRM,19
Kogi,Ijumu,PDP,6909
Kogi,Ijumu,PRP,10
Kogi,Ijumu,SDP,356
Kogi,Ijumu,YPP,4
Kogi,Ijumu,ZLP,2
Kogi,Yagba East,A,34
Kogi,Yagba East,AA,40
Kogi,Yagba East,AAC,23
Kogi,Yagba East,ADC,7453
Kogi,Yagba East,ADP,38
Kogi,Yagba East,APC,7096
Kogi,Yagba East,APGA,10
Kogi,Yagba East,APM,7
Kogi,Yagba East,APP,1
Kogi,Yagba East,BP,5
Kogi,Yagba East,LP,1
Kogi,Yagba East,NNPP,2
Kogi,Yagba East,NRM,5
Kogi,Yagba East,PDP,2615
Kogi,Yagba East,PRP,2
Kogi,Yagba East,SDP,312
Kogi,Yagba East,YPP,5
Kogi,Yagba East,ZLP,0
Kogi,Kabba Bunu,A,17
Kogi,Kabba Bunu,AA,197
Kogi,Kabba Bunu,AAC,23
Kogi,Kabba Bunu,ADC,1537
Kogi,Kabba Bunu,ADP,73
Kogi,Kabba Bunu,APC,12376
Kogi,Kabba Bunu,APGA,16
Kogi,Kabba Bunu,APM,8
Kogi,Kabba Bunu,APP,10
Kogi,Kabba Bunu,BP,3
Kogi,Kabba Bunu,LP,7
Kogi,Kabba Bunu,NNPP,7
Kogi,Kabba Bunu,NRM,16
Kogi,Kabba Bunu,PDP,8566
Kogi,Kabba Bunu,PRP,12
Kogi,Kabba Bunu,SDP,942
Kogi,Kabba Bunu,YPP,11
Kogi,Kabba Bunu,ZLP,3
Kogi,Okehi,A,6
Kogi,Okehi,AA,165
Kogi,Okehi,AAC,21
Kogi,Okehi,ADC,689
Kogi,Okehi,ADP,34
Kogi,Okehi,APC,53062
Kogi,Okehi,APGA,9
Kogi,Okehi,APM,2
Kogi,Okehi,APP,1
Kogi,Okehi,BP,7
Kogi,Okehi,LP,69
Kogi,Okehi,NNPP,2
Kogi,Okehi,NRM,46
Kogi,Okehi,PDP,2722
Kogi,Okehi,PRP,7
Kogi,Okehi,SDP,153
Kogi,Okehi,YPP,1
Kogi,Okehi,ZLP,6
Kogi,Yagba West,A,29
Kogi,Yagba West,AA,31
Kogi,Yagba West,AAC,16
Kogi,Yagba West,ADC,4556
Kogi,Yagba West,ADP,59
Kogi,Yagba West,APC,7969
Kogi,Yagba West,APGA,5
Kogi,Yagba West,APM,4
Kogi,Yagba West,APP,3
Kogi,Yagba West,BP,1
Kogi,Yagba West,LP,3
Kogi,Yagba West,NNPP,3
Kogi,Yagba West,NRM,9
Kogi,Yagba West,PDP,3010
Kogi,Yagba West,PRP,30
Kogi,Yagba West,SDP,1002
Kogi,Yagba West,YPP,5
Kogi,Yagba West,ZLP,3
Kogi,Idah,A,39
Kogi,Idah,AA,3
Kogi,Idah,AAC,8
Kogi,Idah,ADC,91
Kogi,Idah,ADP,22
Kogi,Idah,APC,2033
Kogi,Idah,APGA,18
Kogi,Idah,APM,3
Kogi,Idah,APP,58
Kogi,Idah,BP,3
Kogi,Idah,LP,10
Kogi,Idah,NNPP,6
Kogi,Idah,NRM,5
Kogi,Idah,PDP,20059
Kogi,Idah,PRP,51
Kogi,Idah,SDP,20059
Kogi,Idah,YPP,46
Kogi,Idah,ZLP,16
Kogi,Ogori Magongo,ADC,11
Kogi,Ogori Magongo,ADP,1
Kogi,Ogori Magongo,APC,362
Kogi,Ogori Magongo,LP,1
Kogi,Ogori Magongo,NRM,2
Kogi,Ogori Magongo,PDP,86
Kogi,Ogori Magongo,SDP,195
Kwara,Asa,APC,14946
Kwara,Asa,PDP,11183
Kwara,Asa,SDP,953
Kwara,Asa,OTHERS,825
Kwara,Baruten,APC,28060
Kwara,Baruten,PDP,7987
Kwara,Baruten,SDP,1492
Kwara,Baruten,OTHERS,335
Kwara,Edu,APC,22485
Kwara,Edu,PDP,17378
Kwara,Edu,SDP,374
Kwara,Edu,OTHERS,1094
Kwara,Ekiti,APC,6836
Kwara,Ekiti,PDP,4273
Kwara,Ekiti,SDP,170
Kwara,Ekiti,OTHERS,319
Kwara,Ifelodun,APC,17599
Kwara,Ifelodun,PDP,9085
Kwara,Ifelodun,SDP,1559
Kwara,Ifelodun,OTHERS,763
Kwara,Ilorin East,APC,23925
Kwara,Ilorin East,PDP,14500
Kwara,Ilorin East,SDP,2645
Kwara,Ilorin East,OTHERS,1100
Kwara,Ilorin South,APC,20148
Kwara,Ilorin South,PDP,12096
Kwara,Ilorin South,SDP,2357
Kwara,Ilorin South,OTHERS,1348
Kwara,Ilorin West,APC,46468
Kwara,Ilorin West,PDP,32372
Kwara,Ilorin West,SDP,1948
Kwara,Ilorin West,OTHERS,2970
Kwara,Irepodun,APC,12860
Kwara,Irepodun,PDP,7614
Kwara,Irepodun,SDP,1693
Kwara,Irepodun,OTHERS,566
Kwara,Isin,APC,5274
Kwara,Isin,PDP,3400
Kwara,Isin,SDP,567
Kwara,Isin,OTHERS,197
Kwara,Kaiama,APC,14431
Kwara,Kaiama,PDP,6297
Kwara,Kaiama,SDP,624
Kwara,Kaiama,OTHERS,421
Kwara,Moro,APC,15161
Kwara,Moro,PDP,6823
Kwara,Moro,SDP,1992
Kwara,Moro,OTHERS,490
Kwara,Offa,APC,14696
Kwara,Offa,PDP,6705
Kwara,Offa,SDP,1289
Kwara,Offa,OTHERS,841
Kwara,Oke Ero,APC,7758
Kwara,Oke Ero,PDP,3768
Kwara,Oke Ero,SDP,149
Kwara,Oke Ero,OTHERS,133
Kwara,Oyun,APC,8991
Kwara,Oyun,PDP,5465
Kwara,Oyun,SDP,1068
Kwara,Oyun,OTHERS,656
Kwara,Pategi,APC,13813
Kwara,Pategi,PDP,6544
Kwara,Pategi,SDP,389
Kwara,Pategi,OTHERS,230
Lagos,Agege,APC,35845
Lagos,Agege,LP,8486
Lagos,Agege,NNPP,70
Lagos,Agege,PDP,3176
Lagos,Ajeromi-Ifelodun,APC,39798
Lagos,Ajeromi-Ifelodun,LP,19821
Lagos,Ajeromi-Ifelodun,NNPP,121
Lagos,Ajeromi-Ifelodun,PDP,2607
Lagos,Alimosho,APC,83631
Lagos,Alimosho,LP,37100
Lagos,Alimosho,NNPP,210
Lagos,Alimosho,PDP,7872
Lagos,Amuwo-Odofin,APC,17576
Lagos,Amuwo-Odofin,LP,34860
Lagos,Amuwo-Odofin,NNPP,82
Lagos,Amuwo-Odofin,PDP,1809
Lagos,Apapa,APC,21007
Lagos,Apapa,LP,4157
Lagos,Apapa,NNPP,46
Lagos,Apapa,PDP,2487
Lagos,Badagry,APC,41482
Lagos,Badagry,LP,4863
Lagos,Badagry,NNPP,46
Lagos,Badagry,PDP,5472
Lagos,Epe,APC,29614
Lagos,Epe,LP,1515
Lagos,Epe,NNPP,14
Lagos,Epe,PDP,3272
Lagos,Eti Osa,APC,25963
Lagos,Eti Osa,LP,19967
Lagos,Eti Osa,NNPP,52
Lagos,Eti Osa,PDP,1468
Lagos,Ibeju-Lekki,APC,19369
Lagos,Ibeju-Lekki,LP,3785
Lagos,Ibeju-Lekki,NNPP,12
Lagos,Ibeju-Lekki,PDP,3189
Lagos,Ifako-Ijaiye,APC,38682
Lagos,Ifako-Ijaiye,LP,13020
Lagos,Ifako-Ijaiye,NNPP,55
Lagos,Ifako-Ijaiye,PDP,2262
Lagos,Ikeja,APC,32273
Lagos,Ikeja,LP,15174
Lagos,Ikeja,NNPP,130
Lagos,Ikeja,PDP,1616
Lagos,Ikorodu,APC,64697
Lagos,Ikorodu,LP,13207
Lagos,Ikorodu,NNPP,80
Lagos,Ikorodu,PDP,3797
Lagos,Kosofe,APC,49344
Lagos,Kosofe,LP,26123
Lagos,Kosofe,NNPP,152
Lagos,Kosofe,PDP,3537
Lagos,Lagos Island,APC,37760
Lagos,Lagos Island,LP,1317
Lagos,Lagos Island,NNPP,10
Lagos,Lagos Island,PDP,1783
Lagos,Lagos Mainland,APC,26021
Lagos,Lagos Mainland,LP,9999
Lagos,Lagos Mainland,NNPP,55
Lagos,Lagos Mainland,PDP,2362
Lagos,Mushin,APC,52249
Lagos,Mushin,LP,11759
Lagos,Mushin,NNPP,86
Lagos,Mushin,PDP,4006
Lagos,Ojo,APC,30797
Lagos,Ojo,LP,19027
Lagos,Ojo,NNPP,101
Lagos,Ojo,PDP,3889
Lagos,Oshodi-Isolo,APC,36792
Lagos,Oshodi-Isolo,LP,24984
Lagos,Oshodi-Isolo,NNPP,73
Lagos,Oshodi-Isolo,PDP,2515
Lagos,Somolu,APC,36783
Lagos,Somolu,LP,15096
Lagos,Somolu,NNPP,70
Lagos,Somolu,PDP,3130
Lagos,Surulere,APC,42451
Lagos,Surulere,LP,28069
Lagos,Surulere,NNPP,118
Lagos,Surulere,PDP,2200
Nasarawa,Lafia,APC,107213
Nasarawa,Lafia,PDP,41594
Nasarawa,Karu,APC,28322
Nasarawa,Karu,PDP,46564
Nasarawa,Nasarawa Eggon,APC,16692
Nasarawa,Nasarawa Eggon,PDP,36825
Nasarawa,Obi,APC,25136
Nasarawa,Obi,PDP,29467
Nasarawa,Nasarawa,APC,27992
Nasarawa,Nasarawa,PDP,19079
Nasarawa,Keffi,APC,27737
Nasarawa,Keffi,PDP,11995
Nasarawa,Awe,APC,26966
Nasarawa,Awe,PDP,8025
Nasarawa,Akwanga,APC,15873
Nasarawa,Akwanga,PDP,23787
Nasarawa,Akwanga,NNPP,87
Nasarawa,Akwanga,SDP,817
Nasarawa,Doma,APC,15587
Nasarawa,Doma,PDP,19737
Nasarawa,Doma,NNPP,830
Nasarawa,Doma,SDP,32
Nasarawa,Kokona,APC,18182
Nasarawa,Kokona,PDP,19045
Nasarawa,Toto,APC,15787
Nasarawa,Toto,PDP,11636
Nasarawa,Toto,NNPP,2035
Nasarawa,Toto,SDP,207
Nasarawa,Wamba,APC,12124
Nasarawa,Wamba,PDP,8089
Nasarawa,Wamba,NNPP,369
Nasarawa,Wamba,SDP,100
Nasarawa,Keana,APC,9598
Nasarawa,Keana,PDP,7173
Nasarawa,Keana,NNPP,260
Nasarawa,Keana,SDP,26
Niger,Chanchaga,A,12
Niger,Chanchaga,AA,5
Niger,Chanchaga,ADC,82
Niger,Chanchaga,ADP,170
Niger,Chanchaga,APC,34231
Niger,Chanchaga,APGA,105
Niger,Chanchaga,APM,24
Niger,Chanchaga,APP,10
Niger,Chanchaga,LP,323
Niger,Chanchaga,NNPP,144
Niger,Chanchaga,NRM,90
Niger,Chanchaga,PDP,27989
Niger,Chanchaga,PRP,43
Niger,Chanchaga,SDP,8
Niger,Chanchaga,YPP,58
Niger,Kontagora,A,11
Niger,Kontagora,AA,9
Niger,Kontagora,ADC,51
Niger,Kontagora,ADP,139
Niger,Kontagora,APC,28050
Niger,Kontagora,APGA,105
Niger,Kontagora,APM,22
Niger,Kontagora,APP,6
Niger,Kontagora,LP,82
Niger,Kontagora,NNPP,274
Niger,Kontagora,NRM,51
Niger,Kontagora,PDP,14329
Niger,Kontagora,PRP,11
Niger,Kontagora,SDP,2
Niger,Kontagora,YPP,25
Niger,Bida,A,6
Niger,Bida,AA,3
Niger,Bida,ADC,46
Niger,Bida,ADP,173
Niger,Bida,APC,27778
Niger,Bida,APGA,75
Niger,Bida,APM,29
Niger,Bida,APP,4
Niger,Bida,LP,87
Niger,Bida,NNPP,687
Niger,Bida,NRM,61
Niger,Bida,PDP,22846
Niger,Bida,PRP,24
Niger,Bida,SDP,2
Niger,Bida,YPP,75
Niger,Bosso,APC,24794
Niger,Bosso,PDP,20251
Niger,Borgu,ADP,88
Niger,Borgu,APC,24122
Niger,Borgu,APGA,30
Niger,Borgu,LP,94
Niger,Borgu,PDP,7714
Niger,Mokwa,ADP,89
Niger,Mokwa,APC,17978
Niger,Mokwa,APGA,28
Niger,Mokwa,LP,36
Niger,Mokwa,NNPP,300
Niger,Mokwa,PDP,22063
Niger,Paikoro,APC,21855
Niger,Paikoro,PDP,15780
Niger,Lapai,APC,21795
Niger,Lapai,LP,16
Niger,Lapai,NNPP,18
Niger,Lapai,PDP,18041
Niger,Lavun,APC,18058
Niger,Lavun,PDP,20922
Niger,Agaie,A,2
Niger,Agaie,ADC,7
Niger,Agaie,ADP,55
Niger,Agaie,APC,20911
Niger,Agaie,APGA,14
Niger,Agaie,APM,5
Niger,Agaie,APP,1
Niger,Agaie,LP,5
Niger,Agaie,NNPP,4
Niger,Agaie,NRM,30
Niger,Agaie,PDP,19470
Niger,Agaie,PRP,9
Niger,Agaie,YPP,1
Niger,Mariga,ADP,33
Niger,Mariga,APC,19188
Niger,Mariga,APGA,30
Niger,Mariga,LP,12
Niger,Mariga,NNPP,95
Niger,Mariga,NRM,32
Niger,Mariga,PDP,11714
Niger,Suleja,APC,18261
Niger,Suleja,PDP,15551
Niger,Gbako,APC,16423
Niger,Gbako,PDP,18043
Niger,Rafi,A,4
Niger,Rafi,AA,4
Niger,Rafi,ADC,47
Niger,Rafi,ADP,52
Niger,Rafi,APC,17843
Niger,Rafi,APGA,53
Niger,Rafi,APM,10
Niger,Rafi,APP,6
Niger,Rafi,LP,16
Niger,Rafi,NNPP,30
Niger,Rafi,NRM,69
Niger,Rafi,PDP,16007
Niger,Rafi,PRP,23
Niger,Rafi,SDP,4
Niger,Rafi,YPP,7
Niger,Magama,A,5
Niger,Magama,AA,3
Niger,Magama,ADC,22
Niger,Magama,ADP,51
Niger,Magama,APC,17107
Niger,Magama,APGA,62
Niger,Magama,APM,38
Niger,Magama,APP,17
Niger,Magama,LP,172
Niger,Magama,NNPP,356
Niger,Magama,NRM,32
Niger,Magama,PDP,13483
Niger,Magama,PRP,18
Niger,Magama,SDP,10
Niger,Magama,YPP,16
Niger,Katcha,APC,17037
Niger,Katcha,PDP,16495
Niger,Edati,APC,9225
Niger,Edati,PDP,16559
Niger,Wushishi,ADP,46
Niger,Wushishi,APC,15089
Niger,Wushishi,APGA,656
Niger,Wushishi,LP,11
Niger,Wushishi,NNPP,55
Niger,Wushishi,PDP,9187
Niger,Mashegu,APC,14958
Niger,Mashegu,PDP,11961
Niger,Gurara,APC,14520
Niger,Gurara,PDP,11506
Niger,Rijau,APC,12925
Niger,Rijau,NNPP,215
Niger,Rijau,PDP,11463
Niger,Tafa,APC,12520
Niger,Tafa,PDP,12082
Niger,Munya,APC,8644
Niger,Munya,PDP,10208
Niger,Agwara,APC,8872
Niger,Agwara,LP,38
Niger,Agwara,PDP,7987
Niger,Agwara,PRP,468
Ogun,Abeokuta North,APC,14294
Ogun,Abeokuta North,NNPP,34
Ogun,Abeokuta North,PDP,12622
Ogun,Abeokuta South,APC,19689
Ogun,Abeokuta South,NNPP,99
Ogun,Abeokuta South,PDP,24175
Ogun,Ado-Odo/Ota,APC,39006
Ogun,Ado-Odo/Ota,NNPP,194
Ogun,Ado-Odo/Ota,PDP,31022
Ogun,Ewekoro,APC,8192
Ogun,Ewekoro,NNPP,60
Ogun,Ewekoro,PDP,7449
Ogun,Ifo,APC,20653
Ogun,Ifo,NNPP,154
Ogun,Ifo,PDP,16052
Ogun,Ijebu East,APC,7883
Ogun,Ijebu East,NNPP,45
Ogun,Ijebu East,PDP,11242
Ogun,Ijebu North,APC,18815
Ogun,Ijebu North,NNPP,22
Ogun,Ijebu North,PDP,15904
Ogun,Ijebu North East,APC,5408
Ogun,Ijebu North East,NNPP,27
Ogun,Ijebu North East,PDP,7086
Ogun,Ijebu Ode,APC,12907
Ogun,Ijebu Ode,NNPP,36
Ogun,Ijebu Ode,PDP,10714
Ogun,Ikenne,APC,9125
Ogun,Ikenne,NNPP,9
Ogun,Ikenne,PDP,12472
Ogun,Imeko Afon,APC,9591
Ogun,Imeko Afon,NNPP,93
Ogun,Imeko Afon,PDP,6981
Ogun,Ipokia,APC,21338
Ogun,Ipokia,NNPP,46
Ogun,Ipokia,PDP,19189
Ogun,Obafemi Owode,APC,15466
Ogun,Obafemi Owode,NNPP,275
Ogun,Obafemi Owode,PDP,11004
Ogun,Odeda,APC,11098
Ogun,Odeda,NNPP,31
Ogun,Odeda,PDP,8050
Ogun,Odogbolu,APC,9143
Ogun,Odogbolu,NNPP,10
Ogun,Odogbolu,PDP,12963
Ogun,Ogun Waterside,APC,5878
Ogun,Ogun Waterside,NNPP,56
Ogun,Ogun Waterside,PDP,7716
Ogun,Remo North,APC,4306
Ogun,Remo North,NNPP,6
Ogun,Remo North,PDP,8177
Ogun,Shagamu,APC,13128
Ogun,Shagamu,NNPP,58
Ogun,Shagamu,PDP,17025
Ogun,Yewa North,APC,15331
Ogun,Yewa North,NNPP,64
Ogun,Yewa North,PDP,11627
Ogun,Yewa South,APC,15047
Ogun,Yewa South,NNPP,75
Ogun,Yewa South,PDP,10913
Oyo,Afijio,APC,5588
Oyo,Afijio,LP,10
Oyo,Afijio,NNPP,17
Oyo,Afijio,PDP,13139
Oyo,Akinyele,APC,9445
Oyo,Akinyele,LP,66
Oyo,Akinyele,NNPP,23
Oyo,Akinyele,PDP,28920
Oyo,Atiba,APC,7484
Oyo,Atiba,LP,15
Oyo,Atiba,NNPP,13
Oyo,Atiba,PDP,18389
Oyo,Atisbo,APC,6955
Oyo,Atisbo,LP,16
Oyo,Atisbo,NNPP,2
Oyo,Atisbo,PDP,9199
Oyo,Egbeda,APC,7377
Oyo,Egbeda,LP,77
Oyo,Egbeda,NNPP,42
Oyo,Egbeda,PDP,30444
Oyo,Ibadan North,APC,11883
Oyo,Ibadan North,LP,174
Oyo,Ibadan North,NNPP,66
Oyo,Ibadan North,PDP,39658
Oyo,Ibadan North-East,APC,8486
Oyo,Ibadan North-East,LP,61
Oyo,Ibadan North-East,NNPP,138
Oyo,Ibadan North-East,PDP,29396
Oyo,Ibadan North-West,APC,5947
Oyo,Ibadan North-West,LP,74
Oyo,Ibadan North-West,NNPP,4
Oyo,Ibadan North-West,PDP,19007
Oyo,Ibadan South-East,APC,9147
Oyo,Ibadan South-East,LP,61
Oyo,Ibadan South-East,NNPP,28
Oyo,Ibadan South-East,PDP,23585
Oyo,Ibadan South-West,APC,9491
Oyo,Ibadan South-West,LP,166
Oyo,Ibadan South-West,NNPP,15
Oyo,Ibadan South-West,PDP,31273
Oyo,Ibarapa Central,APC,6287
Oyo,Ibarapa Central,LP,21
Oyo,Ibarapa Central,NNPP,3
Oyo,Ibarapa Central,PDP,10491
Oyo,Ibarapa East,APC,7094
Oyo,Ibarapa East,LP,10
Oyo,Ibarapa East,NNPP,30
Oyo,Ibarapa East,PDP,11125
Oyo,Ibarapa North,APC,5678
Oyo,Ibarapa North,LP,7
Oyo,Ibarapa North,NNPP,3
Oyo,Ibarapa North,PDP,10845
Oyo,Ido,APC,7865
Oyo,Ido,LP,86
Oyo,Ido,NNPP,40
Oyo,Ido,PDP,19284
Oyo,Irepo,APC,9785
Oyo,Irepo,LP,3
Oyo,Irepo,NNPP,1
Oyo,Irepo,PDP,7193
Oyo,Iseyin,APC,9694
Oyo,Iseyin,LP,34
Oyo,Iseyin,NNPP,16
Oyo,Iseyin,PDP,25740
Oyo,Itesiwaju,APC,4597
Oyo,Itesiwaju,LP,8
Oyo,Itesiwaju,NNPP,1
Oyo,Itesiwaju,PDP,8034
Oyo,Iwajowa,APC,6441
Oyo,Iwajowa,LP,6
Oyo,Iwajowa,NNPP,3
Oyo,Iwajowa,PDP,9029
Oyo,Kajola,APC,9523
Oyo,Kajola,LP,0
Oyo,Kajola,NNPP,1
Oyo,Kajola,PDP,13562
Oyo,Lagelu,APC,7432
Oyo,Lagelu,LP,44
Oyo,Lagelu,NNPP,17
Oyo,Lagelu,PDP,19104
Oyo,Ogbomosho North,APC,10661
Oyo,Ogbomosho North,LP,89
Oyo,Ogbomosho North,NNPP,70
Oyo,Ogbomosho North,PDP,20387
Oyo,Ogbomosho South,APC,8257
Oyo,Ogbomosho South,LP,83
Oyo,Ogbomosho South,NNPP,58
Oyo,Ogbomosho South,PDP,17693
Oyo,Ogo Oluwa,APC,5570
Oyo,Ogo Oluwa,LP,17
Oyo,Ogo Oluwa,NNPP,0
Oyo,Ogo Oluwa,PDP,10930
Oyo,Olorunsogo,APC,4851
Oyo,Olorunsogo,LP,4
Oyo,Olorunsogo,NNPP,16
Oyo,Olorunsogo,PDP,5838
Oyo,Oluyole,APC,6592
Oyo,Oluyole,LP,62
Oyo,Oluyole,NNPP,8
Oyo,Oluyole,PDP,21700
Oyo,Ona Ara,APC,5510
Oyo,Ona Ara,LP,36
Oyo,Ona Ara,NNPP,36
Oyo,Ona Ara,PDP,17326
Oyo,Orelope,APC,7077
Oyo,Orelope,LP,10
Oyo,Orelope,NNPP,26
Oyo,Orelope,PDP,6483
Oyo,Ori Ire,APC,9216
Oyo,Ori Ire,LP,17
Oyo,Ori Ire,NNPP,7
Oyo,Ori Ire,PDP,13767
Oyo,Oyo East,APC,6999
Oyo,Oyo East,LP,16
Oyo,Oyo East,NNPP,131
Oyo,Oyo East,PDP,15751
Oyo,Oyo West,APC,7599
Oyo,Oyo West,LP,14
Oyo,Oyo West,NNPP,57
Oyo,Oyo West,PDP,15084
Oyo,Saki East,APC,5519
Oyo,Saki East,LP,7
Oyo,Saki East,NNPP,35
Oyo,Saki East,PDP,8374
Oyo,Saki West,APC,13753
Oyo,Saki West,LP,32
Oyo,Saki West,NNPP,19
Oyo,Saki West,PDP,17452
Oyo,Surulere,APC,8882
Oyo,Surulere,LP,173
Oyo,Surulere,NNPP,30
Oyo,Surulere,PDP,15554
Plateau,Qua'an Pan,A,3
Plateau,Qua'an Pan,AA,3
Plateau,Qua'an Pan,AAC,5
Plateau,Qua'an Pan,ADC,59
Plateau,Qua'an Pan,ADP,96
Plateau,Qua'an Pan,APC,24900
Plateau,Qua'an Pan,APGA,35
Plateau,Qua'an Pan,APM,7
Plateau,Qua'an Pan,APP,2
Plateau,Qua'an Pan,BP,28
Plateau,Qua'an Pan,LP,1825
Plateau,Qua'an Pan,NNPP,55
Plateau,Qua'an Pan,NRM,53
Plateau,Qua'an Pan,PDP,31727
Plateau,Qua'an Pan,PRP,18
Plateau,Qua'an Pan,SDP,158
Plateau,Qua'an Pan,YPP,5
Plateau,Qua'an Pan,ZLP,19
Plateau,Jos North,A,32
Plateau,Jos North,AA,50
Plateau,Jos North,AAC,476
Plateau,Jos North,ADC,275
Plateau,Jos North,ADP,411
Plateau,Jos North,APC,83170
Plateau,Jos North,APGA,150
Plateau,Jos North,APM,69
Plateau,Jos North,APP,54
Plateau,Jos North,BP,22
Plateau,Jos North,LP,6915
Plateau,Jos North,NNPP,366
Plateau,Jos North,NRM,162
Plateau,Jos North,PDP,64690
Plateau,Jos North,PRP,206
Plateau,Jos North,SDP,32
Plateau,Jos North,YPP,1160
Plateau,Jos North,ZLP,34
Plateau,Jos South,A,29
Plateau,Jos South,AA,6
Plateau,Jos South,AAC,22
Plateau,Jos South,ADC,169
Plateau,Jos South,ADP,177
Plateau,Jos South,APC,35403
Plateau,Jos South,APGA,119
Plateau,Jos South,APM,19
Plateau,Jos South,APP,32
Plateau,Jos South,BP,567
Plateau,Jos South,LP,10865
Plateau,Jos South,NNPP,137
Plateau,Jos South,NRM,249
Plateau,Jos South,PDP,84103
Plateau,Jos South,PRP,274
Plateau,Jos South,SDP,27
Plateau,Jos South,YPP,23
Plateau,Jos South,ZLP,64
Plateau,Bokkos,A,14
Plateau,Bokkos,AA,5
Plateau,Bokkos,AAC,31
Plateau,Bokkos,ADC,124
Plateau,Bokkos,ADP,173
Plateau,Bokkos,APC,20779
Plateau,Bokkos,APGA,48
Plateau,Bokkos,APM,17
Plateau,Bokkos,APP,7
Plateau,Bokkos,BP,25
Plateau,Bokkos,LP,5876
Plateau,Bokkos,NNPP,33
Plateau,Bokkos,NRM,80
Plateau,Bokkos,PDP,26529
Plateau,Bokkos,PRP,15
Plateau,Bokkos,SDP,113
Plateau,Bokkos,YPP,72
Plateau,Bokkos,ZLP,64
Plateau,Mangu,A,11
Plateau,Mangu,AA,3
Plateau,Mangu,AAC,14
Plateau,Mangu,ADC,97
Plateau,Mangu,ADP,186
Plateau,Mangu,APC,25570
Plateau,Mangu,APGA,60
Plateau,Mangu,APM,9
Plateau,Mangu,APP,2
Plateau,Mangu,BP,7
Plateau,Mangu,LP,1621
Plateau,Mangu,NNPP,38
Plateau,Mangu,NRM,156
Plateau,Mangu,PDP,77279
Plateau,Mangu,PRP,40
Plateau,Mangu,SDP,11
Plateau,Mangu,YPP,309
Plateau,Mangu,ZLP,11
Plateau,Kanam,A,1
Plateau,Kanam,AA,1
Plateau,Kanam,AAC,0
Plateau,Kanam,ADC,16
Plateau,Kanam,ADP,48
Plateau,Kanam,APC,48710
Plateau,Kanam,APGA,23
Plateau,Kanam,APM,1
Plateau,Kanam,APP,10
Plateau,Kanam,BP,79
Plateau,Kanam,LP,1171
Plateau,Kanam,NNPP,64
Plateau,Kanam,NRM,25
Plateau,Kanam,PDP,28706
Plateau,Kanam,PRP,11
Plateau,Kanam,SDP,8
Plateau,Kanam,YPP,3
Plateau,Kanam,ZLP,0
Plateau,Wase,A,0
Plateau,Wase,AA,2
Plateau,Wase,AAC,0
Plateau,Wase,ADC,15
Plateau,Wase,ADP,32
Plateau,Wase,APC,35011
Plateau,Wase,APGA,19
Plateau,Wase,APM,4
Plateau,Wase,APP,3
Plateau,Wase,BP,14
Plateau,Wase,LP,269
Plateau,Wase,NNPP,4
Plateau,Wase,NRM,45
Plateau,Wase,PDP,26557
Plateau,Wase,PRP,19
Plateau,Wase,SDP,142
Plateau,Wase,YPP,3
Plateau,Wase,ZLP,2
Plateau,Riyom,A,8
Plateau,Riyom,AA,9
Plateau,Riyom,AAC,10
Plateau,Riyom,ADC,58
Plateau,Riyom,ADP,68
Plateau,Riyom,APC,12657
Plateau,Riyom,APGA,35
Plateau,Riyom,APM,2
Plateau,Riyom,APP,1
Plateau,Riyom,BP,2
Plateau,Riyom,LP,1878
Plateau,Riyom,NNPP,30
Plateau,Riyom,NRM,54
Plateau,Riyom,PDP,18647
Plateau,Riyom,PRP,13
Plateau,Riyom,SDP,1
Plateau,Riyom,YPP,3
Plateau,Riyom,ZLP,10
Plateau,Shendam,A,12
Plateau,Shendam,AA,3
Plateau,Shendam,AAC,28
Plateau,Shendam,ADC,120
Plateau,Shendam,ADP,93
Plateau,Shendam,APC,30815
Plateau,Shendam,APGA,54
Plateau,Shendam,APM,12
Plateau,Shendam,APP,10
Plateau,Shendam,BP,51
Plateau,Shendam,LP,5169
Plateau,Shendam,NNPP,86
Plateau,Shendam,NRM,42
Plateau,Shendam,PDP,17733
Plateau,Shendam,PRP,230
Plateau,Shendam,SDP,3
Plateau,Shendam,YPP,88
Plateau,Shendam,ZLP,42
Plateau,Langtang North,A,6
Plateau,Langtang North,AA,58
Plateau,Langtang North,AAC,8
Plateau,Langtang North,ADC,65
Plateau,Langtang North,ADP,51
Plateau,Langtang North,APC,20756
Plateau,Langtang North,APGA,33
Plateau,Langtang North,APM,9
Plateau,Langtang North,APP,5
Plateau,Langtang North,BP,32
Plateau,Langtang North,LP,6575
Plateau,Langtang North,NNPP,21
Plateau,Langtang North,NRM,53
Plateau,Langtang North,PDP,27826
Plateau,Langtang North,PRP,11
Plateau,Langtang North,SDP,117
Plateau,Langtang North,YPP,310
Plateau,Langtang North,ZLP,41
Plateau,Pankshin,A,8
Plateau,Pankshin,AA,2
Plateau,Pankshin,AAC,33
Plateau,Pankshin,ADC,139
Plateau,Pankshin,ADP,108
Plateau,Pankshin,APC,28827
Plateau,Pankshin,APGA,51
Plateau,Pankshin,APM,25
Plateau,Pankshin,APP,6
Plateau,Pankshin,BP,17
Plateau,Pankshin,LP,7949
Plateau,Pankshin,NNPP,36
Plateau,Pankshin,NRM,32
Plateau,Pankshin,PDP,15957
Plateau,Pankshin,PRP,13
Plateau,Pankshin,SDP,12
Plateau,Pankshin,YPP,542
Plateau,Pankshin,ZLP,62
Plateau,Mikang,A,4
Plateau,Mikang,AA,2
Plateau,Mikang,AAC,4
Plateau,Mikang,ADC,32
Plateau,Mikang,ADP,23
Plateau,Mikang,APC,10691
Plateau,Mikang,APGA,12
Plateau,Mikang,APM,2
Plateau,Mikang,APP,0
Plateau,Mikang,BP,1
Plateau,Mikang,LP,672
Plateau,Mikang,NNPP,35
Plateau,Mikang,NRM,25
Plateau,Mikang,PDP,12027
Plateau,Mikang,PRP,14
Plateau,Mikang,SDP,0
Plateau,Mikang,YPP,6
Plateau,Mikang,ZLP,5
Plateau,Kanke,A,2
Plateau,Kanke,AA,1
Plateau,Kanke,AAC,9
Plateau,Kanke,ADC,61
Plateau,Kanke,ADP,57
Plateau,Kanke,APC,35436
Plateau,Kanke,APGA,28
Plateau,Kanke,APM,2
Plateau,Kanke,APP,1
Plateau,Kanke,BP,1
Plateau,Kanke,LP,633
Plateau,Kanke,NNPP,2
Plateau,Kanke,NRM,7
Plateau,Kanke,PDP,6870
Plateau,Kanke,PRP,4
Plateau,Kanke,SDP,1
Plateau,Kanke,YPP,8
Plateau,Kanke,ZLP,5
Plateau,Langtang South,A,3
Plateau,Langtang South,AA,1
Plateau,Langtang South,AAC,1
Plateau,Langtang South,ADC,25
Plateau,Langtang South,ADP,21
Plateau,Langtang South,APC,12437
Plateau,Langtang South,APGA,16
Plateau,Langtang South,APM,2
Plateau,Langtang South,APP,3
Plateau,Langtang South,BP,3
Plateau,Langtang South,LP,846
Plateau,Langtang South,NNPP,1
Plateau,Langtang South,NRM,20
Plateau,Langtang South,PDP,16104
Plateau,Langtang South,PRP,9
Plateau,Langtang South,SDP,28
Plateau,Langtang South,YPP,3
Plateau,Langtang South,ZLP,3
Plateau,Barkin Ladi,A,4
Plateau,Barkin Ladi,AA,1
Plateau,Barkin Ladi,AAC,11
Plateau,Barkin Ladi,ADC,78
Plateau,Barkin Ladi,ADP,97
Plateau,Barkin Ladi,APC,18568
Plateau,Barkin Ladi,APGA,36
Plateau,Barkin Ladi,APM,7
Plateau,Barkin Ladi,APP,1
Plateau,Barkin Ladi,BP,25
Plateau,Barkin Ladi,LP,4118
Plateau,Barkin Ladi,NNPP,28
Plateau,Barkin Ladi,NRM,98
Plateau,Barkin Ladi,PDP,32119
Plateau,Barkin Ladi,PRP,20
Plateau,Barkin Ladi,SDP,2
Plateau,Barkin Ladi,YPP,17
Plateau,Barkin Ladi,ZLP,13
Plateau,Jos East,A,7
Plateau,Jos East,AA,1
Plateau,Jos East,AAC,14
Plateau,Jos East,ADC,56
Plateau,Jos East,ADP,53
Plateau,Jos East,APC,11852
Plateau,Jos East,APGA,22
Plateau,Jos East,APM,5
Plateau,Jos East,APP,3
Plateau,Jos East,BP,4
Plateau,Jos East,LP,1347
Plateau,Jos East,NNPP,18
Plateau,Jos East,NRM,31
Plateau,Jos East,PDP,9290
Plateau,Jos East,PRP,4
Plateau,Jos East,SDP,3
Plateau,Jos East,YPP,8
Plateau,Jos East,ZLP,12
Plateau,Bassa,A,7
Plateau,Bassa,AA,3
Plateau,Bassa,AAC,9
Plateau,Bassa,ADC,119
Plateau,Bassa,ADP,136
Plateau,Bassa,APC,25788
Plateau,Bassa,APGA,38
Plateau,Bassa,APM,6
Plateau,Bassa,APP,7
Plateau,Bassa,BP,7
Plateau,Bassa,LP,2581
Plateau,Bassa,NNPP,29
Plateau,Bassa,NRM,81
Plateau,Bassa,PDP,29135
Plateau,Bassa,PRP,392
Plateau,Bassa,SDP,4
Plateau,Bassa,YPP,65
Plateau,Bassa,ZLP,11
Rivers,Abua–Odual,APC,5738
Rivers,Abua–Odual,PDP,9763
Rivers,Abua–Odual,SDP,463
Rivers,Abua–Odual,OTHERS,712
Rivers,Ahoada East,APC,2650
Rivers,Ahoada East,PDP,14408
Rivers,Ahoada East,SDP,2077
Rivers,Ahoada East,OTHERS,903
Rivers,Ahoada West,APC,4883
Rivers,Ahoada West,PDP,6425
Rivers,Ahoada West,SDP,1063
Rivers,Ahoada West,OTHERS,775
Rivers,Akuku-Toru,APC,3724
Rivers,Akuku-Toru,PDP,6273
Rivers,Akuku-Toru,SDP,222
Rivers,Akuku-Toru,OTHERS,931
Rivers,Andoni,APC,3149
Rivers,Andoni,PDP,8319
Rivers,Andoni,SDP,1185
Rivers,Andoni,OTHERS,618
Rivers,Asari-Toru,APC,4209
Rivers,Asari-Toru,PDP,12663
Rivers,Asari-Toru,SDP,179
Rivers,Asari-Toru,OTHERS,1271
Rivers,Bonny,APC,3285
Rivers,Bonny,PDP,8032
Rivers,Bonny,SDP,559
Rivers,Bonny,OTHERS,1571
Rivers,Degema,APC,3107
Rivers,Degema,PDP,4437
Rivers,Degema,SDP,579
Rivers,Degema,OTHERS,1006
Rivers,Eleme,APC,2662
Rivers,Eleme,PDP,8414
Rivers,Eleme,SDP,2251
Rivers,Eleme,OTHERS,920
Rivers,Emohua,APC,5916
Rivers,Emohua,PDP,20600
Rivers,Emohua,SDP,805
Rivers,Emohua,OTHERS,1270
Rivers,Etche,APC,6408
Rivers,Etche,PDP,16043
Rivers,Etche,SDP,2586
Rivers,Etche,OTHERS,1283
Rivers,Gokana,APC,7410
Rivers,Gokana,PDP,17455
Rivers,Gokana,SDP,13840
Rivers,Gokana,OTHERS,755
Rivers,Ikwerre,APC,7503
Rivers,Ikwerre,PDP,13716
Rivers,Ikwerre,SDP,1447
Rivers,Ikwerre,OTHERS,1424
Rivers,Khana,APC,620
Rivers,Khana,PDP,9475
Rivers,Khana,SDP,5846
Rivers,Khana,OTHERS,494
Rivers,Obio-Akpor,APC,7361
Rivers,Obio-Akpor,PDP,45065
Rivers,Obio-Akpor,SDP,3056
Rivers,Obio-Akpor,OTHERS,10083
Rivers,Ogba–Egbema–Ndoni,APC,6811
Rivers,Ogba–Egbema–Ndoni,PDP,17729
Rivers,Ogba–Egbema–Ndoni,SDP,3450
Rivers,Ogba–Egbema–Ndoni,OTHERS,3391
Rivers,Ogu–Bolo,APC,1524
Rivers,Ogu–Bolo,PDP,7103
Rivers,Ogu–Bolo,SDP,310
Rivers,Ogu–Bolo,OTHERS,528
Rivers,Okrika,APC,2719
Rivers,Okrika,PDP,10342
Rivers,Okrika,SDP,822
Rivers,Okrika,OTHERS,1719
Rivers,Omuma,APC,2127
Rivers,Omuma,PDP,8760
Rivers,Omuma,SDP,804
Rivers,Omuma,OTHERS,234
Rivers,Opobo–Nkoro,APC,1246
Rivers,Opobo–Nkoro,PDP,11538
Rivers,Opobo–Nkoro,SDP,159
Rivers,Opobo–Nkoro,OTHERS,246
Rivers,Oyigbo,APC,2793
Rivers,Oyigbo,PDP,9886
Rivers,Oyigbo,SDP,796
Rivers,Oyigbo,OTHERS,3086
Rivers,Port Harcourt,APC,8954
Rivers,Port Harcourt,PDP,26892
Rivers,Port Harcourt,SDP,3974
Rivers,Port Harcourt,OTHERS,6689
Rivers,Tai,APC,295
Rivers,Tai,PDP,9276
Rivers,Tai,SDP,508
Rivers,Tai,OTHERS,148
Sokoto,Sokoto South,APC,37114
Sokoto,Sokoto South,PDP,33363
Sokoto,Wamakko,APC,36233
Sokoto,Wamakko,PDP,27642
Sokoto,Sokoto North,APC,35333
Sokoto,Sokoto North,PDP,33190
Sokoto,Tambuwal,APC,29489
Sokoto,Tambuwal,PDP,32779
Sokoto,Sabon Birni,APC,26884
Sokoto,Sabon Birni,PDP,20680
Sokoto,Illela,APC,23484
Sokoto,Illela,PDP,19169
Sokoto,Dange Shuni,APC,22690
Sokoto,Dange Shuni,PDP,18506
Sokoto,Gada,APC,19969
Sokoto,Gada,PDP,18434
Sokoto,Gwadabawa,APC,19036
Sokoto,Gwadabawa,PDP,16652
Sokoto,Bodinga,APC,18986
Sokoto,Bodinga,PDP,16440
Sokoto,Kware,APC,18644
Sokoto,Kware,PDP,18161
Sokoto,Wurno,APC,17350
Sokoto,Wurno,PDP,13099
Sokoto,Goronyo,APC,16567
Sokoto,Goronyo,PDP,17323
Sokoto,Tangaza,APC,16254
Sokoto,Tangaza,PDP,9705
Sokoto,Isa,APC,13632
Sokoto,Isa,PDP,15117
Sokoto,Kebbe,APC,14902
Sokoto,Kebbe,PDP,14619
Sokoto,Yabo,APC,14729
Sokoto,Yabo,PDP,12014
Sokoto,Shagari,APC,14264
Sokoto,Shagari,PDP,13893
Sokoto,Binji,APC,13410
Sokoto,Binji,PDP,11078
Sokoto,Rabah,APC,12759
Sokoto,Rabah,PDP,11120
Sokoto,Gudu,APC,12118
Sokoto,Gudu,PDP,10718
Sokoto,Silame,APC,9983
Sokoto,Silame,PDP,10885
Sokoto,Tureta,APC,9831
Sokoto,Tureta,PDP,10045
Taraba,Wukari,APC,4387
Taraba,Wukari,NNPP,15230
Taraba,Wukari,PDP,52024
Taraba,Jalingo,A,63
Taraba,Jalingo,AA,143
Taraba,Jalingo,AAC,14
Taraba,Jalingo,ADC,65
Taraba,Jalingo,ADP,64
Taraba,Jalingo,APC,5994
Taraba,Jalingo,APGA,76
Taraba,Jalingo,APM,136
Taraba,Jalingo,APP,35
Taraba,Jalingo,BP,16
Taraba,Jalingo,LP,441
Taraba,Jalingo,NNPP,49424
Taraba,Jalingo,NRM,56
Taraba,Jalingo,PDP,20769
Taraba,Jalingo,PRP,212
Taraba,Jalingo,SDP,2381
Taraba,Jalingo,YPP,148
Taraba,Jalingo,ZLP,110
Taraba,Gassol,A,7
Taraba,Gassol,AA,119
Taraba,Gassol,AAC,2
Taraba,Gassol,ADC,35
Taraba,Gassol,ADP,20
Taraba,Gassol,APC,3430
Taraba,Gassol,APGA,44
Taraba,Gassol,APM,48
Taraba,Gassol,APP,12
Taraba,Gassol,BP,5
Taraba,Gassol,LP,305
Taraba,Gassol,NNPP,42825
Taraba,Gassol,NRM,22
Taraba,Gassol,PDP,10206
Taraba,Gassol,PRP,47
Taraba,Gassol,SDP,3536
Taraba,Gassol,YPP,87
Taraba,Gassol,ZLP,15
Taraba,Ussa,A,2
Taraba,Ussa,AA,1
Taraba,Ussa,AAC,1
Taraba,Ussa,ADC,34
Taraba,Ussa,ADP,49
Taraba,Ussa,APC,23315
Taraba,Ussa,APGA,99
Taraba,Ussa,APM,10
Taraba,Ussa,APP,1
Taraba,Ussa,LP,57
Taraba,Ussa,NNPP,103
Taraba,Ussa,NRM,8
Taraba,Ussa,PDP,6933
Taraba,Ussa,PRP,3997
Taraba,Ussa,SDP,668
Taraba,Ussa,YPP,2
Taraba,Ussa,ZLP,1
Taraba,Donga,APC,22493
Taraba,Donga,PDP,10470
Taraba,Zing,A,18
Taraba,Zing,AA,28
Taraba,Zing,AAC,37
Taraba,Zing,ADC,92
Taraba,Zing,ADP,78
Taraba,Zing,APC,7299
Taraba,Zing,APGA,123
Taraba,Zing,APM,87
Taraba,Zing,APP,35
Taraba,Zing,BP,17
Taraba,Zing,LP,107
Taraba,Zing,NNPP,2919
Taraba,Zing,NRM,106
Taraba,Zing,PDP,20182
Taraba,Zing,PRP,60
Taraba,Zing,SDP,254
Taraba,Zing,YPP,98
Taraba,Zing,ZLP,28
Taraba,Karim-Lamido,APC,6583
Taraba,Karim-Lamido,NNPP,12323
Taraba,Karim-Lamido,PDP,18140
Taraba,Bali,A,17
Taraba,Bali,AA,261
Taraba,Bali,AAC,15
Taraba,Bali,ADC,46
Taraba,Bali,ADP,46
Taraba,Bali,APC,7183
Taraba,Bali,APGA,413
Taraba,Bali,APM,74
Taraba,Bali,APP,10
Taraba,Bali,BP,9
Taraba,Bali,LP,192
Taraba,Bali,NNPP,15330
Taraba,Bali,NRM,45
Taraba,Bali,PDP,16126
Taraba,Bali,PRP,202
Taraba,Bali,SDP,497
Taraba,Bali,YPP,71
Taraba,Bali,ZLP,17
Taraba,Ibi,A,1
Taraba,Ibi,AA,111
Taraba,Ibi,AAC,5
Taraba,Ibi,ADC,20
Taraba,Ibi,ADP,10
Taraba,Ibi,APC,2416
Taraba,Ibi,APGA,178
Taraba,Ibi,APM,40
Taraba,Ibi,APP,6
Taraba,Ibi,BP,5
Taraba,Ibi,LP,76
Taraba,Ibi,NNPP,15564
Taraba,Ibi,NRM,16
Taraba,Ibi,PDP,8334
Taraba,Ibi,PRP,11
Taraba,Ibi,SDP,628
Taraba,Ibi,YPP,60
Taraba,Ibi,ZLP,6
Taraba,Ardo-Kola,A,5
Taraba,Ardo-Kola,AA,3
Taraba,Ardo-Kola,AAC,4
Taraba,Ardo-Kola,ADC,23
Taraba,Ardo-Kola,ADP,23
Taraba,Ardo-Kola,APC,2343
Taraba,Ardo-Kola,APGA,396
Taraba,Ardo-Kola,APM,74
Taraba,Ardo-Kola,APP,4
Taraba,Ardo-Kola,BP,3
Taraba,Ardo-Kola,LP,153
Taraba,Ardo-Kola,NNPP,14577
Taraba,Ardo-Kola,NRM,44
Taraba,Ardo-Kola,PDP,15034
Taraba,Ardo-Kola,PRP,25
Taraba,Ardo-Kola,SDP,1607
Taraba,Ardo-Kola,YPP,62
Taraba,Ardo-Kola,ZLP,16
Taraba,Lau,A,4
Taraba,Lau,AA,8
Taraba,Lau,AAC,4
Taraba,Lau,ADC,51
Taraba,Lau,ADP,117
Taraba,Lau,APC,5079
Taraba,Lau,APGA,32
Taraba,Lau,APM,46
Taraba,Lau,APP,5
Taraba,Lau,BP,5
Taraba,Lau,LP,118
Taraba,Lau,NNPP,10196
Taraba,Lau,NRM,56
Taraba,Lau,PDP,13368
Taraba,Lau,PRP,23
Taraba,Lau,SDP,631
Taraba,Lau,YPP,31
Taraba,Lau,ZLP,4
Taraba,Yorro,A,19
Taraba,Yorro,AA,48
Taraba,Yorro,AAC,30
Taraba,Yorro,ADC,84
Taraba,Yorro,ADP,59
Taraba,Yorro,APC,5282
Taraba,Yorro,APGA,217
Taraba,Yorro,APM,100
Taraba,Yorro,APP,201
Taraba,Yorro,BP,18
Taraba,Yorro,LP,281
Taraba,Yorro,NNPP,4072
Taraba,Yorro,NRM,17
Taraba,Yorro,PDP,11880
Taraba,Yorro,PRP,72
Taraba,Yorro,SDP,3328
Taraba,Yorro,YPP,99
Taraba,Yorro,ZLP,79
Taraba,Kurmi,APC,8826
Taraba,Kurmi,NNPP,370
Taraba,Kurmi,PDP,10579
Taraba,Gashaka,A,4
Taraba,Gashaka,AA,11
Taraba,Gashaka,AAC,11
Taraba,Gashaka,ADC,26
Taraba,Gashaka,ADP,33
Taraba,Gashaka,APC,4849
Taraba,Gashaka,APGA,140
Taraba,Gashaka,APM,51
Taraba,Gashaka,APP,14
Taraba,Gashaka,BP,7
Taraba,Gashaka,LP,93
Taraba,Gashaka,NNPP,3226
Taraba,Gashaka,NRM,20
Taraba,Gashaka,PDP,5809
Taraba,Gashaka,PRP,13
Taraba,Gashaka,SDP,122
Taraba,Gashaka,YPP,67
Taraba,Gashaka,ZLP,10
Yobe,Nguru,AA,15
Yobe,Nguru,ADC,174
Yobe,Nguru,ADP,84
Yobe,Nguru,APC,22459
Yobe,Nguru,APM,37
Yobe,Nguru,APP,16
Yobe,Nguru,LP,18
Yobe,Nguru,NNPP,310
Yobe,Nguru,PDP,9332
Yobe,Nguru,SDP,10
Yobe,Nguru,YPP,20
Yobe,Bade,AA,13
Yobe,Bade,ADC,49
Yobe,Bade,ADP,111
Yobe,Bade,APC,21370
Yobe,Bade,APM,62
Yobe,Bade,APP,9
Yobe,Bade,LP,18
Yobe,Bade,NNPP,1254
Yobe,Bade,PDP,10766
Yobe,Bade,SDP,3
Yobe,Bade,YPP,22
Yobe,Damaturu,AA,57
Yobe,Damaturu,ADC,43
Yobe,Damaturu,ADP,102
Yobe,Damaturu,APC,20877
Yobe,Damaturu,APM,66
Yobe,Damaturu,APP,22
Yobe,Damaturu,LP,22
Yobe,Damaturu,NNPP,217
Yobe,Damaturu,PDP,7655
Yobe,Damaturu,SDP,13
Yobe,Damaturu,YPP,12
Yobe,Gujba,AA,9
Yobe,Gujba,ADC,48
Yobe,Gujba,ADP,60
Yobe,Gujba,APC,20252
Yobe,Gujba,APM,52
Yobe,Gujba,APP,13
Yobe,Gujba,LP,8
Yobe,Gujba,NNPP,464
Yobe,Gujba,PDP,2428
Yobe,Gujba,SDP,96
Yobe,Gujba,YPP,6
Yobe,Nangere,AA,17
Yobe,Nangere,ADC,80
Yobe,Nangere,ADP,97
Yobe,Nangere,APC,18346
Yobe,Nangere,APM,72
Yobe,Nangere,APP,15
Yobe,Nangere,LP,33
Yobe,Nangere,NNPP,450
Yobe,Nangere,PDP,6958
Yobe,Nangere,SDP,146
Yobe,Nangere,YPP,48
Yobe,Gulani,AA,410
Yobe,Gulani,ADC,44
Yobe,Gulani,ADP,63
Yobe,Gulani,APC,16244
Yobe,Gulani,APM,51
Yobe,Gulani,APP,14
Yobe,Gulani,LP,4
Yobe,Gulani,NNPP,114
Yobe,Gulani,PDP,5537
Yobe,Gulani,SDP,13
Yobe,Gulani,YPP,16
Yobe,Yusufari,AA,12
Yobe,Yusufari,ADC,20
Yobe,Yusufari,ADP,57
Yobe,Yusufari,APC,16216
Yobe,Yusufari,APM,62
Yobe,Yusufari,APP,27
Yobe,Yusufari,LP,19
Yobe,Yusufari,NNPP,222
Yobe,Yusufari,PDP,3837
Yobe,Yusufari,SDP,10
Yobe,Yusufari,YPP,13
Yobe,Geidam,APC,14495
Yobe,Geidam,NNPP,355
Yobe,Geidam,PDP,1777
Yobe,Bursari,AA,11
Yobe,Bursari,ADC,26
Yobe,Bursari,ADP,78
Yobe,Bursari,APC,13825
Yobe,Bursari,APM,66
Yobe,Bursari,APP,58
Yobe,Bursari,LP,11
Yobe,Bursari,NNPP,97
Yobe,Bursari,PDP,4879
Yobe,Bursari,SDP,14
Yobe,Bursari,YPP,19
Yobe,Yunusari,AA,11
Yobe,Yunusari,ADC,26
Yobe,Yunusari,ADP,78
Yobe,Yunusari,APC,13825
Yobe,Yunusari,APM,66
Yobe,Yunusari,APP,58
Yobe,Yunusari,LP,11
Yobe,Yunusari,NNPP,97
Yobe,Yunusari,PDP,4879
Yobe,Yunusari,SDP,14
Yobe,Yunusari,YPP,19
Yobe,Machina,AA,14
Yobe,Machina,ADC,20
Yobe,Machina,ADP,82
Yobe,Machina,APC,11039
Yobe,Machina,APM,79
Yobe,Machina,APP,15
Yobe,Machina,LP,18
Yobe,Machina,NNPP,262
Yobe,Machina,PDP,4288
Yobe,Machina,SDP,16
Yobe,Machina,YPP,37
Yobe,Tarmuwa,AA,2
Yobe,Tarmuwa,ADC,17
Yobe,Tarmuwa,ADP,49
Yobe,Tarmuwa,APC,8249
Yobe,Tarmuwa,APM,34
Yobe,Tarmuwa,APP,13
Yobe,Tarmuwa,LP,6
Yobe,Tarmuwa,NNPP,85
Yobe,Tarmuwa,SDP,10
Yobe,Tarmuwa,YPP,5
Zamfara,Birnin Magaji,APC,9643
Zamfara,Birnin Magaji,PDP,8991
Zamfara,Maradun,APC,24855
Zamfara,Maradun,PDP,12261
Zamfara,Maru,APC,10646
Zamfara,Maru,PDP,22036
Zamfara,Gusau,APC,32172
Zamfara,Gusau,PDP,64710
Zamfara,Kaura Namoda,APC,26472
Zamfara,Kaura Namoda,PDP,31236
Zamfara,Shinkafi,APC,13408
Zamfara,Shinkafi,PDP,13435
Zamfara,Shinkafi,LP,5
Zamfara,Shinkafi,APGA,14
Zamfara,Shinkafi,NRM,287
Zamfara,Tsafe,APC,25805
Zamfara,Tsafe,PDP,42188
Zamfara,Bakura,APC,41063
Zamfara,Bakura,PDP,19455
Zamfara,Talata Mafara,APC,41280
Zamfara,Talata Mafara,PDP,22236
Zamfara,Gummi,APC,20263
Zamfara,Gummi,PDP,27929
Zamfara,Bungudu,APC,24865
Zamfara,Bungudu,PDP,47464
Zamfara,Zurmi,APC,21027
Zamfara,Zurmi,PDP,24328
Zamfara,Bukkuyum,APC,10321
Zamfara,Bukkuyum,PDP,24341
Zamfara,Anka,APC,10156
Zamfara,Anka,PDP,17116
